SERIES,SYMBOL,SECURITY,RECORD_DT,BC_STRT_DT,BC_END_DT,EX_DT,ND_STRT_DT,ND_END_DT,PURPOSE
16,SRTRANSFIN,Sec Red NCD 9.3 Sr.IV,07/08/2021, , ,05/08/2021, , ,INTEREST PAYMENT         
17,SRTRANSFIN,Sec Red NCD 9.5% Sr.V,07/08/2021, , ,05/08/2021, , ,INTEREST PAYMENT         
18,SRTRANSFIN,Sec Red NCD 9.6% Sr.VI,07/08/2021, , ,05/08/2021, , ,INTEREST PAYMENT         
19,SRTRANSFIN,Sec Red NCD 9.7% Sr.VII,07/08/2021, , ,05/08/2021, , ,INTEREST PAYMENT         
BE,MODISNME,Modison Metals Limited, ,28/07/2021,03/08/2021,26/07/2021, , ,ANNUAL GENERAL MEETING   
BE,GLAND,Gland Pharma Limited,10/08/2021, , ,09/08/2021, , ,ANNUAL GENERAL MEETING   
BE,GRPLTD,GRP Limited, ,06/08/2021,12/08/2021,04/08/2021, , ,AGM/DIV-RS 2.50 PER SH   
BE,JMA,Jullundur Mot Agency Ltd, ,18/08/2021,24/08/2021,13/08/2021, , ,AGM/DIV - RS 2 PER SH    
BE,VRLLOG,VRL Logistics Limited,31/07/2021, , ,29/07/2021, , ,DIV - RS 4 PER SH        
BE,VEDL,Vedanta Limited, ,05/08/2021,09/08/2021,03/08/2021, , ,ANNUAL GENERAL MEETING   
BE,SHK,S H Kelkar and Co. Ltd., ,04/08/2021,10/08/2021,02/08/2021, , ,AGM/DIV-RS 0.75 PER SH   
BE,BHAGERIA,Bhageria Industries Ltd, ,25/07/2021,31/07/2021,22/07/2021, , ,AGM/DIV-RS 3.50 PER SH   
BE,ALKEM,Alkem Laboratories Ltd.,10/08/2021, , ,09/08/2021, , ,DIV - RS 5 PER SH        
BE,PRECAM,Precision Camshafts Ltd., ,20/07/2021,27/07/2021,16/07/2021, , ,AGM/DIV - RE 1 PER SH    
BE,LTI,L&T Infotech Limited,02/08/2021, , ,30/07/2021, , ,SPLDIV - RS 10 PER SH    
BE,PDMJEPAPER,Pudumjee Paper Pro. Ltd, ,14/08/2021,21/08/2021,12/08/2021, , ,AGM/DIV - RE 0.30 PER SH 
BE,ABMINTLTD,ABM International Ltd,28/07/2021, , , , , ,CAPITAL REDUCTION        
BE,KIRLFER,Kirloskar Ferrous Ind Ltd, ,18/07/2021,27/07/2021,15/07/2021, , ,AGM/DIV-RS 3 PER SH      
BE,EQUITAS,Equitas Holdings Limited, ,06/08/2021,12/08/2021,04/08/2021, , ,ANNUAL GENERAL MEETING   
BE,GPTINFRA,GPT Infraprojects Ltd, ,13/08/2021,19/08/2021,11/08/2021, , ,AGM/DIV - RE 1 PER SH    
BE,POKARNA,Pokarna Limited, ,31/07/2021,06/08/2021,29/07/2021, , ,AGM/DIV-RS 0.60 PER SH   
BE,GET&D,GE T&D India Limited, ,31/07/2021,06/08/2021,29/07/2021, , ,ANNUAL GENERAL MEETING   
BE,SHANKARA,Shankara Bldg Product Ltd, ,27/07/2021,29/07/2021,23/07/2021, , ,ANNUAL GENERAL MEETING   
BE,DMART,Avenue Supermarts Limited, ,11/08/2021,17/08/2021,09/08/2021, , ,ANNUAL GENERAL MEETING   
BE,GODREJAGRO,Godrej Agrovet Limited, ,06/08/2021,09/08/2021,04/08/2021, , ,AGM/DIV - RS 8 PER SH    
BE,TCPLPACK,TCPL Packaging Limited, ,21/08/2021,27/08/2021,18/08/2021, , ,AGM/DIV - RS 7.35 PER SH 
BE,TASTYBITE,Tasty Bite Eatables Ltd, ,17/07/2021,05/08/2021,15/07/2021, , ,AGM/DIV - RS 2 PER SH    
BE,TIINDIA,Tube Invest of India Ltd, ,06/08/2021,13/08/2021,04/08/2021, , ,AGM/DIV-RS 1.50 PER SH   
BE,DOLLAR,Dollar Industries Limited, ,22/07/2021,28/07/2021,19/07/2021, , ,AGM/DIV-RS 2.40 PER SH   
BE,DIAMONDYD,Prataap Snacks Limited,29/07/2021, , ,28/07/2021, , ,AGM/DIV-RS 0.50 PER SH   
BE,MAHLOG,Mahindra Logistic Limited, ,21/07/2021,27/07/2021,19/07/2021, , ,DIV - RS 2.50  PER SH    
BE,IFGLEXPOR,IFGL Refractories Limited, ,31/07/2021,07/08/2021,29/07/2021, , ,AGM/DIV-RS 4/SPLDIV-RS 6 
BE,DFMFOODS,DFM Foods Limited, ,17/08/2021,23/08/2021,12/08/2021, , ,AGM/DIV - RE 1 PER SH    
BE,BSE,BSE Limited,06/08/2021, , ,05/08/2021, , ,DIV - RS 21 PER SH       
BE,TERASOFT,Tera Software Limited, ,23/07/2021,29/07/2021,20/07/2021, , ,ANNUAL GENERAL MEETING   
BE,WIPL,The Western India Ply Ltd, ,04/08/2021,10/08/2021,02/08/2021, , ,AGM/DIV-RS 0.80 PER SH   
BE,ENDURANCE,Endurance Techno. Ltd., ,14/08/2021,25/08/2021,12/08/2021, , ,AGM/DIV - RS 6 PER SH    
BE,TATASTLLP,Tata Steel Long Pro Ltd, ,24/07/2021,05/08/2021,22/07/2021, , ,AGM/DIV - RS 5 PER SH    
BE,GMMPFAUDLR,GMM Pfaudler Limited, ,07/08/2021,13/08/2021,05/08/2021, , ,AGM/DIV - RS 2 PER SH    
BE,PRIVISCL,Privi Speciality Che Ltd, ,20/08/2021,27/08/2021,17/08/2021, , ,ANNUAL GENERAL MEETING   
BE,PRIVISCL,Privi Speciality Che Ltd,18/08/2021, , ,17/08/2021, , ,DIV - RS 2 PER SH        
BE,TATASTLBSL,Bhushan Steel Limited, ,31/07/2021,06/08/2021,29/07/2021, , ,ANNUAL GENERAL MEETING   
BE,DVL,Dhunseri Petrochem Limite, ,07/08/2021,13/08/2021,05/08/2021, , ,AGM/DIV - RS 2.50 PER SH 
BE,AMJLAND,AMJ Land Holdings Limited, ,14/08/2021,21/08/2021,12/08/2021, , ,AGM/DIV - RE 0.20 PER SH 
BE,KARDA,Karda Constructions Ltd, ,31/07/2021,07/08/2021,29/07/2021, , ,ANNUAL GENERAL MEETING   
BE,3PLAND,3P Land Holdings Limited, ,20/08/2021,31/08/2021,17/08/2021, , ,ANNUAL GENERAL MEETING   
BE,FINEORG,Fine Organic Ind. Ltd., ,18/08/2021,24/08/2021,13/08/2021, , ,AGM/DIV RS 6/SPLDIV RS 5 
BE,ROUTE,ROUTE MOBILE LIMITED, ,17/07/2021,05/08/2021,15/07/2021, , ,DIV - RS 2 PER SH        
BE,BANDHANBNK,Bandhan Bank Limited, ,31/07/2021,06/08/2021,29/07/2021, , ,AGM/DIV - RE 1 PER SH    
BE,ORIENTELEC,Orient Electric Limited, ,23/07/2021,29/07/2021,20/07/2021, , ,AGM/DIV - RS 1.25 PER SH 
BE,VAISHALI,Vaishali Pharma Limited, ,30/07/2021,05/08/2021,28/07/2021, , ,EXTRA GENERAL MEETING    
BE,ANDHRAPAP,ANDHRA PAPER LIMITED,30/07/2021, , ,29/07/2021, , ,AGM/DIV - RS 5 PER SH    
BE,SUVENPHAR,Suven Pharmaceuticals Ltd,17/08/2021, , ,13/08/2021, , ,AGM/DIV - RE 1 PER SH    
BE,BOROLTD,Borosil Limited, ,20/08/2021,26/08/2021,17/08/2021, , ,AGM/DIV - RE 1 PER SH    
BE,CAMS,Computer Age Mngt Ser Ltd,29/07/2021, , ,28/07/2021, , ,DIV - RS 11.84 PER SH    
BE,ANGELBRKG,Angel Broking Limited,26/07/2021, , ,23/07/2021, , ,INTDIV - RS 5.15 PER SH  
BE,UTIAMC,UTI Asset Mngmt Co Ltd, ,22/07/2021,28/07/2021,19/07/2021, , ,DIV - RS 17 PER SH       
BE,EQUITASBNK,Equitas Small Fin Bnk Ltd, ,06/08/2021,12/08/2021,04/08/2021, , ,ANNUAL GENERAL MEETING   
BE,ADL,Archidply Decor Limted, ,09/08/2021,16/08/2021,05/08/2021, , ,ANNUAL GENERAL MEETING   
BE,RGL,Renaissance Global Ltd, ,29/07/2021,05/08/2021,27/07/2021, , ,ANNUAL GENERAL MEETING   
BE,DCMNVL,DCM Nouvelle Limited, ,19/07/2021,27/07/2021,15/07/2021, , ,ANNUAL GENERAL MEETING   
BE,EPL,EPL Limited,28/07/2021, , ,27/07/2021, , ,DIV - RS 2.05 PER SH     
BE,AARTISURF,Aarti Surfactants Limited,03/08/2021, , ,02/08/2021, , ,DIV - RS 3 PER SH        
BE,CHOLAHLDNG,Cholamandalam Fin Hol Ltd, ,29/07/2021,04/08/2021,27/07/2021, , ,AGM/DIV - RS 0.55 PER SH 
BE,SIRCA,Sirca Paint India Limited, ,31/07/2021,06/08/2021,29/07/2021, , ,AGM/DIV-RS 1.50 PER SH   
BE,GLOBE,Globe Textiles (I) Ltd.,30/07/2021, , ,29/07/2021, , ,BONUS2:1/FVSPLIT10TO2    
BE,OAL,Oriental Aromatics Limite, ,20/07/2021,27/07/2021,16/07/2021, , ,ANNUAL GENERAL MEETING   
BE,CSBBANK,CSB Bank Limited, ,06/08/2021,12/08/2021,04/08/2021, , ,ANNUAL GENERAL MEETING   
BE,ASTEC,Astec LifeSciences Ltd, ,24/07/2021,27/07/2021,22/07/2021, , ,AGM/DIV - RS 1.50 PER SH 
BE,VINYLINDIA,Vinyl Chemicals (India) L, ,06/08/2021,12/08/2021,04/08/2021, , ,AGM/DIV-RS 3.75 PER SH   
BE,TANTIACONS,Tantia Constructions Limi, ,20/07/2021,26/07/2021,16/07/2021, , ,ANNUAL GENERAL MEETING   
BE,HERCULES,Hercules Hoists Limited, ,03/08/2021,10/08/2021,30/07/2021, , ,AGM/DIV-RS 1.50 PER SH   
BE,GILLANDERS,Gillanders Arbuthnot Ltd, ,06/08/2021,13/08/2021,04/08/2021, , ,ANNUAL GENERAL MEETING   
BE,OFSS,Oracle Fin Serv Soft Ltd., ,29/07/2021,04/08/2021,27/07/2021, , ,ANNUAL GENERAL MEETING   
BE,DLINKINDIA,D-Link India Ltd, ,21/08/2021,27/08/2021,18/08/2021, , ,AGM/DIV - RS 1.80 PER SH 
BE,JSWENERGY,JSW Energy Limited, ,29/07/2021,04/08/2021,27/07/2021, , ,DIV - RS 2 PER SH        
BE,BOSCHLTD,Bosch Limited, ,14/07/2021,05/08/2021,12/07/2021, , ,AGM/DIV - RS 115 PER SH  
BE,ABBOTINDIA,Abbott India Limited, ,21/07/2021,27/07/2021,19/07/2021, , ,AGM/DIVRS120SPLDIVRS155  
BE,BAYERCROP,Bayer Cropscience Ltd, ,29/07/2021,05/08/2021,27/07/2021, , ,AGM/DIV - RS 25 PER SH   
BE,BIRLAMONEY,Aditya Birla Money Ltd, ,24/07/2021,30/07/2021,22/07/2021, , ,ANNUAL GENERAL MEETING   
BE,VGUARD,V-Guard Industries Limite, ,30/07/2021,05/08/2021,28/07/2021, , ,AGM/DIV - RS 1.20 PER SH 
BE,DELTACORP,Delta Corp Limited,30/07/2021, , ,29/07/2021, , ,DIV - RE 1 PER SH        
BE,UNITEDTEA,United Nilgiri Tea Ltd, ,07/08/2021,13/08/2021,05/08/2021, , ,AGM/DIV-RS 1.70 PER SH   
BE,WHIRLPOOL,Whirlpool of India Ltd, ,02/08/2021,07/08/2021,29/07/2021, , ,AGM/DIV - RS 5 PER SH    
BE,NESCO,Nesco Limited, ,04/08/2021,11/08/2021,02/08/2021, , ,AGM/DIV - RS 3 PER SH    
BE,COROMANDEL,Coromandel Internl Ltd., ,17/07/2021,26/07/2021,15/07/2021, , ,AGM/DIV - RS 6 PER SH    
BE,MBLINFRA,MBL Infrastructures Ltd, ,01/08/2021,07/08/2021,29/07/2021, , ,ANNUAL GENERAL MEETING   
BE,SOLARINDS,Solar Industries (I) Ltd, ,21/08/2021,31/08/2021,18/08/2021, , ,AGM/DIV - RS 6 PER SH    
BE,THANGAMAYL,Thangamayil Jewellery Ltd, ,20/08/2021,26/08/2021,17/08/2021, , ,AGM/DIV - RS 4 PER SH    
BE,AKZOINDIA,Akzo Nobel India Limited, ,07/08/2021,13/08/2021,05/08/2021, , ,AGM/DIV - RS 30 PER SH   
BE,CHOLAFIN,Cholamandalam In & Fin Co, ,26/07/2021,30/07/2021,22/07/2021, , ,AGM/DIV - RS 0.70 PER SH 
BE,KIRLOSIND,Kirloskar Industries Limi, ,04/08/2021,10/08/2021,02/08/2021, , ,AGM/DIV - RS 10 PER SH   
BE,GPPL,Gujarat Pipavav Port Ltd, ,07/08/2021,13/08/2021,05/08/2021, , ,DIV - RS 2.40 PER SH     
BE,IMFA,Indian Metals & Ferro, ,23/07/2021,24/07/2021,20/07/2021, , ,AGM/DIV - RS 7 PER SH    
BE,DEEPAKNTR,Deepak Nitrite Ltd, ,23/07/2021,30/07/2021,20/07/2021, , ,AGM/DIV/SPLDIV           
BE,WABAG,VA Tech Wabag Ltd, ,14/08/2021,25/08/2021,12/08/2021, , ,ANNUAL GENERAL MEETING   
BE,SMLISUZU,SML Isuzu Limited, ,23/07/2021,30/07/2021,20/07/2021, , ,ANNUAL GENERAL MEETING   
BE,TCI,Transport Corp of Ind Ltd, ,29/07/2021,03/08/2021,27/07/2021, , ,AGM/DIV-RS 1.30 PER SH   
BE,MAANALU,Maan Aluminium Limited,03/08/2021, , ,02/08/2021, , ,BONUS 1:1                
BE,KIRLOSENG,Kirloskar Oil Eng Ltd, ,06/08/2021,12/08/2021,04/08/2021, , ,AGM/DIV-RS 2.50 PER SH   
BE,DHANUKA,Dhanuka Agritech Ltd, ,17/07/2021,29/07/2021,15/07/2021, , ,AGM/DIV - RS 2 PER SH    
BE,ELGIRUBCO,Elgi Rubber Co. Ltd, ,20/08/2021,26/08/2021,17/08/2021, , ,ANNUAL GENERAL MEETING   
BE,ORIENTBELL,Orient Bell Limited, ,20/07/2021,26/07/2021,16/07/2021, , ,AGM/DIV-RS 0.50 PER SH   
BE,L&TFH,L&T Finance Holdings Ltd, ,22/07/2021,28/07/2021,19/07/2021, , ,ANNUAL GENERAL MEETING   
BE,TCIDEVELOP,TCI Developers Limited, ,23/07/2021,28/07/2021,20/07/2021, , ,ANNUAL GENERAL MEETING   
BE,WABCOINDIA,WABCO India Limited,13/08/2021, , ,12/08/2021, , ,DIV - RS 11 PER SH       
BE,KOKUYOCMLN,Kokuyo Camlin Limited, ,27/08/2021,31/08/2021,25/08/2021, , ,ANNUAL GENERAL MEETING   
BE,HEROMOTOCO,Hero MotoCorp Limited, ,24/07/2021,04/08/2021,22/07/2021, , ,AGM/DIV-RS25/SPLDIV-RS10 
BE,SYMPHONY,Symphony Limited, ,31/07/2021,06/08/2021,29/07/2021, , ,AGM/DIV - RS 4 PER SH    
BE,APLLTD,Alembic Pharma Ltd, ,21/07/2021,27/07/2021,19/07/2021, , ,AGM/DIV - RS 14 PER SH   
BE,HIL,HIL Limited, ,24/07/2021,30/07/2021,22/07/2021, , ,AGM/DIV - RS 25 PER SH   
BE,ORIENTCEM,Orient Cement Ltd., ,30/07/2021,05/08/2021,28/07/2021, , ,AGM/DIV - RS 1.50 PER SH 
BE,IBULHSGFIN,Indiabulls Hsg Fin Ltd, ,26/07/2021,29/07/2021,22/07/2021, , ,ANNUAL GENERAL MEETING   
BE,PRESSMN,Nucent Finance Ltd., ,20/07/2021,26/07/2021,16/07/2021, , ,ANNUAL GENERAL MEETING   
BE,INDORAMA,Indo Rama Synthetics (Ind, ,18/08/2021,24/08/2021,13/08/2021, , ,ANNUAL GENERAL MEETING   
BE,RAMCOCEM,Ramco Cements Ltd.,12/08/2021, , ,11/08/2021, , ,ANNUAL GENERAL MEETING   
BE,UPL,UPL Limited, ,16/07/2021,04/08/2021,14/07/2021, , ,DIV - RS 10 PER SH       
BE,NATHBIOGEN,Nath Bio-Genes (I) Ltd, ,22/08/2021,27/08/2021,18/08/2021, , ,AGM/DIV - RS 2 PER SH    
BE,AGRITECH,Agri-Tech (India) Limited, ,24/07/2021,29/07/2021,22/07/2021, , ,ANNUAL GENERAL MEETING   
BE,BUTTERFLY,Btrfly Gandhi Appl Ltd, ,23/07/2021,29/07/2021,20/07/2021, , ,ANNUAL GENERAL MEETING   
BE,MINDTECK,Mindteck (India) Limited, ,31/07/2021,13/08/2021,29/07/2021, , ,ANNUAL GENERAL MEETING   
BE,WONDERLA,Wonderla Holidays Ltd., ,07/08/2021,12/08/2021,05/08/2021, , ,ANNUAL GENERAL MEETING   
BE,PDSMFL,PDS Multinational Fas Ltd, ,24/07/2021,30/07/2021,22/07/2021, , ,AGM/DIV-RS 15.75 PER SH  
BE,TECHIN,Techindia Nirman Limited, ,24/07/2021,29/07/2021,22/07/2021, , ,ANNUAL GENERAL MEETING   
BE,CANBK,Canara Bank, ,28/07/2021,03/08/2021,26/07/2021, , ,ANNUAL GENERAL MEETING   
BE,GODREJIND,Godrej Industries Ltd., ,06/08/2021,13/08/2021,04/08/2021, , ,ANNUAL GENERAL MEETING   
BE,MARUTI,Maruti Suzuki India Ltd, ,07/08/2021,24/08/2021,05/08/2021, , ,DIV - RS 45  PER SH      
BE,PNB,Punjab National Bank, ,20/07/2021,26/07/2021,16/07/2021, , ,ANNUAL GENERAL MEETING   
BE,UNIONBANK,Union Bank of India, ,04/08/2021,10/08/2021,02/08/2021, , ,ANNUAL GENERAL MEETING   
BE,SRIPIPES,Srikalahasthi Pipes Ltd, ,03/08/2021,09/08/2021,30/07/2021, , ,AGM/DIV - RS 6 PER SH    
BE,MENONBE,Menon Bearings Limited, ,24/07/2021,30/07/2021,22/07/2021, , ,ANNUAL GENERAL MEETING   
BE,INTELLECT,Intellect Design Arena, ,23/07/2021,04/08/2021,20/07/2021, , ,ANNUAL GENERAL MEETING   
BE,RAMCOIND,Ramco Industries Ltd,12/08/2021, , ,11/08/2021, , ,ANNUAL GENERAL MEETING   
BE,GREENPLY,Greenply Industries Ltd, ,16/08/2021,19/08/2021,12/08/2021, , ,AGM/DIV-RS 0.40 PER SH   
BE,KOTARISUG,Kothari Sug & Chem Ltd., ,24/07/2021,30/07/2021,22/07/2021, , ,ANNUAL GENERAL MEETING   
BE,LUPIN,Lupin Limited,28/07/2021, , ,27/07/2021, , ,DIV - RS 6.50 PER SH     
BE,UNIENTER,UNIPHOS ENTERPRISES LTD, ,31/07/2021,13/08/2021,29/07/2021, , ,DIV - RS 3.40 PER SH     
BE,XPROINDIA,Xpro India Limited, ,03/08/2021,10/08/2021,30/07/2021, , ,ANNUAL GENERAL MEETING   
BE,3MINDIA,3M India Limited, ,21/08/2021,26/08/2021,18/08/2021, , ,ANNUAL GENERAL MEETING   
BE,LT,LARSEN & TOUBRO LTD., ,30/07/2021,05/08/2021,28/07/2021, , ,AGM/DIV - RS 18 PER SH   
BE,APARINDS,Apar Industries Ltd., ,07/08/2021,13/08/2021,05/08/2021, , ,AGM/DIV-RS 9.50 PER SH   
BE,VENKEYS,Venky's (India) Limited, ,24/07/2021,30/07/2021,22/07/2021, , ,DIV - RS 17 PER SH       
BE,GRAPHITE,Graphite India Limited,10/08/2021, , ,09/08/2021, , ,DIV - RS 5 PER SH        
BE,USHAMART,Usha Martin Limited, ,05/08/2021,11/08/2021,03/08/2021, , ,ANNUAL GENERAL MEETING   
BE,NORBTEAEXP,Norben Tea & Exp Ltd., ,05/08/2021,11/08/2021,03/08/2021, , ,ANNUAL GENERAL MEETING   
BE,SUDARSCHEM,Sudarshan Chemical Ind,30/07/2021, , ,29/07/2021, , ,DIV - RS 6 PER SH        
BE,CLNINDIA,Clariant Chemicals (I)Ltd, ,06/08/2021,12/08/2021,04/08/2021, , ,AGM/DIV - RS 15 PER SH   
BE,QUINTEGRA,Quintegra Solutions Ltd, ,24/07/2021,30/07/2021,22/07/2021, , ,ANNUAL GENERAL MEETING   
BE,RANEHOLDIN,Rane Holdings Limited,30/07/2021, , ,29/07/2021, , ,ANNUAL GENERAL MEETING   
BE,GOLDIAM,Goldiam International Ltd, ,14/08/2021,28/08/2021,12/08/2021, , ,AGM/DIV - RS 3 PER SH    
BE,REPRO,Repro India Limited, ,04/08/2021,10/08/2021,02/08/2021, , ,ANNUAL GENERAL MEETING   
BE,SHRIRAMCIT,Shriram Cityuni Fin.Ltd., ,23/07/2021,29/07/2021,20/07/2021, , ,AGM/DIV - RS 13 PER SH   
BE,JKCEMENT,JK Cement Limited, ,05/08/2021,14/08/2021,03/08/2021, , ,AGM/DIV - RS 15 PER SH   
BE,SAKSOFT,Saksoft Limited, ,01/08/2021,10/08/2021,29/07/2021, , ,AGM/DIV - RS 2.50 PER SH 
BE,M&MFIN,Mahindra & Mahindra Finan, ,20/07/2021,26/07/2021,16/07/2021, , ,AGM/DIV - RS  0.80 PER SH
BE,IGARASHI,Igarashi Motors India Lim, ,01/08/2021,09/08/2021,29/07/2021, , ,AGM/DIV-RS 1.50 PER SH   
BE,SHOPERSTOP,Shoppers Stop Limited, ,23/07/2021,29/07/2021,20/07/2021, , ,ANNUAL GENERAL MEETING   
BE,EVERESTIND,Everest Industries Limite,18/08/2021, , ,17/08/2021, , ,AGM/DIV-RS 7.50 PER SH   
BE,GANGOTRI,Gangotri Textiles Limited, ,24/07/2021,30/07/2021,22/07/2021, , ,ANNUAL GENERAL MEETING   
BE,PRIMESECU,Prime Securities Limited, ,10/08/2021,17/08/2021,06/08/2021, , ,AGM/DIV-RS 4.50 PER SH   
BE,GRANULES,Granules India Limited, ,30/07/2021,05/08/2021,28/07/2021, , ,AGM/DIV - RS 0.75 PER SH 
BE,CUMMINSIND,Cummins India Limited,05/08/2021, , ,04/08/2021, , ,AGM/DIV - RS 8 PER SH    
BE,EMKAY,Emkay Global Fin Serv Ltd, ,31/07/2021,06/08/2021,29/07/2021, , ,AGM/DIV - RE 1 PER SH    
BE,PAGEIND,Page Industries Limited, ,05/08/2021,05/08/2021,03/08/2021, , ,ANNUAL GENERAL MEETING   
BE,PATINTLOG,Patel Integrated Logistic, ,27/07/2021,02/08/2021,23/07/2021, , ,AGM/DIV-RS 0.10 PER SH   
BE,HIRECT,Hind Rectifiers Limited, ,06/08/2021,12/08/2021,04/08/2021, , ,AGM/DIV-RS 0.40 PER SH   
BE,BALAMINES,Balaji Amines Limited, ,02/08/2021,09/08/2021,29/07/2021, , ,AGM/DIV - RS 4 PER SH    
BE,PLASTIBLEN,Plastiblends India Limite, ,20/07/2021,26/07/2021,16/07/2021, , ,AGM/DIV - RS 4 PER SH    
BE,CENTRALBK,Central Bank of India, ,07/08/2021,10/08/2021,05/08/2021, , ,ANNUAL GENERAL MEETING   
BE,TECHM,Tech Mahindra Limited, ,27/07/2021,30/07/2021,23/07/2021, , ,AGM/DIV-RS15SPLDIV-RS15  
BE,ICRA,ICRA Limited, ,24/07/2021,28/07/2021,22/07/2021, , ,DIV - RS 27 PER SH       
BE,GRINDWELL,Grindwell Norton Limited, ,22/07/2021,28/07/2021,19/07/2021, , ,AGM/DIV - RS 9.50 PER SH 
BE,HINDALCO,HINDALCO  INDUSTRIES  LTD, ,17/08/2021,23/08/2021,12/08/2021, , ,AGM/DIV - RS 3 PER SH    
BE,NILKAMAL,Nilkamal Limited, ,29/07/2021,04/08/2021,27/07/2021, , ,AGM/DIV - RS 10 PER SH   
BE,SUVEN,Suven Life Sciences Ltd, ,04/08/2021,06/08/2021,02/08/2021, , ,ANNUAL GENERAL MEETING   
BE,AVTNPL,AVT Natural Products Limi, ,20/08/2021,26/08/2021,17/08/2021, , ,AGM/DIV-RS 0.40 PER SH   
BE,TIDEWATER,Tide Water Oil Co. (India,27/07/2021, , ,26/07/2021, , ,BONUS 1:1                
BE,TIDEWATER,Tide Water Oil Co. (India,27/07/2021, , ,26/07/2021, , ,FVSPLT FRM RS 5 TO RE 2  
BE,TIDEWATER,Tide Water Oil Co. (India, ,21/07/2021,27/07/2021,19/07/2021, , ,DIV - RS 200 PER SH      
BE,LUMAXTECH,Lumax Auto Technologies L, ,24/08/2021,31/08/2021,20/08/2021, , ,AGM/DIV - RS 3 PER SH    
BE,CENTUM,Centum Electronics Ltd.,03/08/2021, , ,02/08/2021, , ,DIV - RS 2 PER SH        
BE,POWERGRID,Power Grid Corporation of,30/07/2021, , ,29/07/2021, , ,BONUS 1:3                
BE,SAGCEM,SagarCements-Roll Sett, ,20/07/2021,28/07/2021,16/07/2021, , ,DIV - RS 2.50 PER SH     
BE,ELECON,Elecon Engg Co. Ltd., ,24/07/2021,06/08/2021,22/07/2021, , ,AGM/DIV - RS 0.40 PER SH 
BE,GANDHITUBE,Gandhi Special Tubes Limi,30/07/2021, , ,29/07/2021, , ,AGM/DIV - RS 9 PER SH    
BE,CERA,Cera Sanitaryware Limited, ,20/07/2021,27/07/2021,16/07/2021, , ,DIV - RS 13 PER SH       
BE,NAUKRI,Info Edge (India) Limited, ,21/08/2021,27/08/2021,18/08/2021, , ,ANNUAL GENERAL MEETING   
BE,SWELECTES,Swelect Energy Sys Ltd, ,20/07/2021,26/07/2021,16/07/2021, , ,AGM/DIV - RS 3 PER SH    
BE,REDINGTON,Redington (India) Limited,20/08/2021, , ,18/08/2021, , ,BONUS 1:1                
BE,REDINGTON,Redington (India) Limited, ,05/08/2021,11/08/2021,03/08/2021, , ,ANNUAL GENERAL MEETING   
BE,FSL,Firstsource Solutions Lim, ,23/07/2021,29/07/2021,20/07/2021, , ,ANNUAL GENERAL MEETING   
BE,NELCAST,Nelcast Limited, ,03/08/2021,09/08/2021,30/07/2021, , ,AGM/DIV - RS 0.20 PER SH 
BE,GESHIP,The Great Eastern Shippin, ,23/07/2021,29/07/2021,20/07/2021, , ,AGM/DIV - RS 9 PER SH    
BE,COLPAL,Colgate Palmolive (India), ,23/07/2021,29/07/2021,20/07/2021, , ,ANNUAL GENERAL MEETING   
BE,JYOTHYLAB,Jyothy Labs Limited, ,23/07/2021,30/07/2021,20/07/2021, , ,AGM/DIV - RS 4 PER SH    
BE,ARCHIDPLY,Archidply Industries Limi, ,20/07/2021,26/07/2021,16/07/2021, , ,ANNUAL GENERAL MEETING   
BE,BATAINDIA,BATA INDIA LTD, ,06/08/2021,12/08/2021,04/08/2021, , ,AGM/DIV - RS 4 PER SH    
BE,IDBI,IDBI Bank Limited, ,04/08/2021,10/08/2021,02/08/2021, , ,ANNUAL GENERAL MEETING   
BE,DABUR,DABUR INDIA LTD, ,02/08/2021,06/08/2021,29/07/2021, , ,AGM/DIV - RS 3 PER SH    
BE,NOCIL,NOCIL Limited, ,28/07/2021,03/08/2021,26/07/2021, , ,AGM/DIV - RS 2 PER SH    
BE,ESCORTS,ESCORTS INDIA LTD, ,17/07/2021,27/07/2021,15/07/2021, , ,AGM/DIV-RS5/SPLDIV-RS2.5 
BE,VIPIND,VIP Industries Ltd., ,06/08/2021,13/08/2021,04/08/2021, , ,ANNUAL GENERAL MEETING   
BE,KOPRAN,Kopran Ltd., ,09/08/2021,11/08/2021,05/08/2021, , ,DIV - RS 1.50 PER SH     
BE,M&M,MAHINDRA & MAHINDRA LTD, ,17/07/2021,06/08/2021,15/07/2021, , ,AGM/DIV-RS 8.75 PER SH   
BE,CARBORUNIV,Carborundum Univ Ltd, ,26/07/2021,02/08/2021,22/07/2021, , ,AGM/DIV - RS 1.50 PER SH 
BE,CRISIL,CRISIL Limited,04/08/2021, , ,03/08/2021, , ,INTERIM DIVIDEND         
BE,RAYMOND,RAYMOND-depo, ,24/07/2021,02/08/2021,22/07/2021, , ,ANNUAL GENERAL MEETING   
BE,ELGIEQUIP,Elgi Equipments Ltd, ,27/07/2021,02/08/2021,23/07/2021, , ,AGM/DIV - RS 0.80 PER SH 
BE,SONATSOFTW,SONATSOFTW - Depo, ,10/08/2021,16/08/2021,06/08/2021, , ,AGM/DIV - RS 10 PER SH   
BE,AUTOAXLES,Automotive Axles Limited, ,05/08/2021,10/08/2021,03/08/2021, , ,AGM/DIV-RS 4.50 PER SH   
BE,PIDILITIND,PIDILITIND-Depo, ,29/07/2021,11/08/2021,27/07/2021, , ,AGM/DIV-RS 8.50 PER SH   
BE,SESHAPAPER,Seshasaye Pap & Boards , ,15/07/2021,24/07/2021,13/07/2021, , ,AGM/DIV - RS 2.50 PER SH 
BE,JAYAGROGN,Jayant Agro Organics Ltd., ,07/08/2021,12/08/2021,05/08/2021, , ,AGM/DIV - RE 1 PER SH    
BE,BASF,BASF - Depo, ,24/07/2021,30/07/2021,22/07/2021, , ,AGM/DIV-RS 5/SPLDIV-RS 5 
BE,HCLTECH,HCL Technologies Ltd.,28/07/2021, , ,27/07/2021, , ,INTDIV - RS 6 PER SH     
BE,LYKALABS,Lyka Labs Ltd, ,24/07/2021,30/07/2021,22/07/2021, , ,ANNUAL GENERAL MEETING   
BE,VOLTAS,VOLTAS LTD, ,13/08/2021,27/08/2021,11/08/2021, , ,AGM/DIV - RS 5 PER SH    
BE,MRF,MRF Limited - Depo, ,06/08/2021,12/08/2021,04/08/2021, , ,AGM/DIV/SPLDIV           
BE,VSTIND,VST Industries Ltd., ,20/07/2021,27/07/2021,16/07/2021, , ,DIV - RS 114 PER SH      
BE,EIHOTEL,EIH LTD DEP, ,23/07/2021,25/07/2021,20/07/2021, , ,ANNUAL GENERAL MEETING   
BE,MORARJEE,Morarjee Textiles Limited, ,24/07/2021,29/07/2021,22/07/2021, , ,ANNUAL GENERAL MEETING   
BE,AMARAJABAT,Amara Raja Batt Ltd-Depo, ,31/07/2021,06/08/2021,29/07/2021, , ,AGM/DIV - RS 6 PER SH    
BE,HEG,HEG Ltd, ,22/07/2021,28/07/2021,19/07/2021, , ,AGM/DIV - RS 3 PER SH    
BE,BERGEPAINT,Berger Paints (I) Ltd, ,21/08/2021,27/08/2021,18/08/2021, , ,AGM/DIV-RS 2.80 PER SH   
BE,ORIENTHOT,Oriental Hotels Ltd, ,21/07/2021,27/07/2021,19/07/2021, , ,ANNUAL GENERAL MEETING   
BE,UNICHEMLAB,UNICHEMLAB - Depo, ,26/07/2021,31/07/2021,22/07/2021, , ,AGM/DIV - RS 4 PER SH    
BE,WOCKPHARMA,Wockhardt Limited-Depo, ,27/07/2021,02/08/2021,23/07/2021, , ,ANNUAL GENERAL MEETING   
BE,ESABINDIA,Esabindia-depo, ,06/08/2021,12/08/2021,04/08/2021, , ,AGM/DIV - RS 25 PER SH   
BE,KOTHARIPET,Kothari Petrochem Ltd, ,23/07/2021,29/07/2021,20/07/2021, , ,ANNUAL GENERAL MEETING   
BE,TITAN,Titan Company Limited, ,24/07/2021,02/08/2021,22/07/2021, , ,AGM/DIV - RS 4 PER SH    
BE,CENTENKA,Century Enka Ltd, ,03/08/2021,05/08/2021,30/07/2021, , ,AGM/DIV - RS 8 PER SH    
BE,IFBIND,IFB Industries Ltd., ,31/07/2021,06/08/2021,29/07/2021, , ,ANNUAL GENERAL MEETING   
BE,TINPLATE,THE TINPLATE CO. (I) LTD, ,16/07/2021,30/07/2021,14/07/2021, , ,AGM/DIV - RS 2 PER SH    
BE,IFBAGRO,IFB Agro Industries Ltd, ,31/07/2021,06/08/2021,29/07/2021, , ,ANNUAL GENERAL MEETING   
BE,IOB,Indian Overseas Bank, ,01/08/2021,07/08/2021,29/07/2021, , ,ANNUAL GENERAL MEETING   
BE,WHEELS,Wheels India Ltd, ,29/07/2021,04/08/2021,27/07/2021, , ,AGM/DIV - RE 1 PER SH    
BE,KABRAEXTRU,Kabra Extrus Technik Ltd, ,24/07/2021,30/07/2021,22/07/2021, , ,AGM/DIV-RS 2.50 PER SH   
BE,PRAKASH,Prakash Industries Ltd., ,21/07/2021,24/07/2021,19/07/2021, , ,ANNUAL GENERAL MEETING   
BE,HERITGFOOD,Heritage Foods Ltd., ,24/07/2021,30/07/2021,22/07/2021, , ,AGM/DIV - RS 5 PER SH    
BE,GABRIEL,Gabriel India Ltd,28/07/2021, , ,27/07/2021, , ,DIV - RS 0.70 PER SH     
BE,LUMAXIND,Lumax Industries Ltd, ,24/08/2021,31/08/2021,20/08/2021, , ,AGM/DIV - RS 7 PER SH    
BE,MUNJALSHOW,Munjal Showa Ltd, ,14/08/2021,25/08/2021,12/08/2021, , ,AGM/DIV-RS 4.50 PER SH   
BE,BLUEDART,Blue Dart Express Ltd, ,23/07/2021,30/07/2021,20/07/2021, , ,AGM/DIV - RS 15 PER SH   
BE,TATAMETALI,Tata Metaliks Ltd, ,24/07/2021,02/08/2021,22/07/2021, , ,AGM/DIV - RS 4 PER SH    
BE,RAMCOSYS,Ramco Systems Limited, ,12/08/2021,19/08/2021,10/08/2021, , ,ANNUAL GENERAL MEETING   
BE,SHREECEM,SHREE CEMENT LIMITED,24/07/2021, , ,22/07/2021, , ,DIV - RS 60 PER SH       
BE,IVP,IVP Ltd., ,22/07/2021,28/07/2021,19/07/2021, , ,AGM/DIV - RE 1 PER SH    
BE,BANARBEADS,BanarasBeadsLtd-RollSett, ,21/07/2021,27/07/2021,19/07/2021, , ,ANNUAL GENERAL MEETING   
BE,PUNJABCHEM,Punj Chem & Crop Prot Ltd, ,05/08/2021,12/08/2021,03/08/2021, , ,DIV - RS 2 PER SH        
BE,RSSOFTWARE,R. S. Software (I) Ltd., ,04/08/2021,10/08/2021,02/08/2021, , ,ANNUAL GENERAL MEETING   
BE,ALEMBICLTD,Alembic Limited, ,31/07/2021,06/08/2021,29/07/2021, , ,AGM/DIV-RS 0.20 PER SH   
BE,EIMCOELECO,Eimco Elecon (India) Ltd., ,24/07/2021,05/08/2021,22/07/2021, , ,AGM/DIV - RS 5 PER SH    
BE,CADILAHC,Cadila Healthcare-Depo, ,30/07/2021,06/08/2021,28/07/2021, , ,AGM/DIV-RS 3.50 PER SH   
BE,GODFRYPHLP,Godfrey Phillips-Depo, ,30/07/2021,05/08/2021,28/07/2021, , ,AGM/DIV - RS 24 PER SH   
BE,GOODYEAR,Goodyear India Ltd, ,06/08/2021,12/08/2021,04/08/2021, , ,AGM/DIV-RS18SPLDIV-RS80  
BE,NOVARTIND,NovartisIndiaLtd-RollSett, ,20/08/2021,27/08/2021,17/08/2021, , ,DIV - RS 10 PER SH       
BE,INDIANHUME,Indian Hume Pipe Co. Ltd, ,14/08/2021,26/08/2021,12/08/2021, , ,AGM/DIV - RS 2 PER SH    
BE,KARURVYSYA,Karur Vysya Bank Ltd, ,27/07/2021,11/08/2021,23/07/2021, , ,AGM/DIV-RS 0.50 PER SH   
BE,ORIENTPPR,Orient Paper & Ind Ltd, ,21/08/2021,27/08/2021,18/08/2021, , ,AGM/DIV-RS 0.25 PER SH   
BE,SUNDRMBRAK,Sundaram Brake Lin Ltd., ,05/08/2021,11/08/2021,03/08/2021, , ,ANNUAL GENERAL MEETING   
BZ,POKARNA,Pokarna Limited, ,31/07/2021,06/08/2021,29/07/2021, , ,AGM/DIV-RS 0.60 PER SH   
BZ,TANTIACONS,Tantia Constructions Limi, ,20/07/2021,26/07/2021,16/07/2021, , ,ANNUAL GENERAL MEETING   
BZ,GANGOTRI,Gangotri Textiles Limited, ,24/07/2021,30/07/2021,22/07/2021, , ,ANNUAL GENERAL MEETING   
EQ,SUDARSCHEM,Sudarshan Chemical Inds L,30/07/2021, , ,29/07/2021, , ,DIV - RS 6 PER SH        
EQ,BANARBEADS,Banaras Beads Ltd, ,21/07/2021,27/07/2021,19/07/2021, , ,ANNUAL GENERAL MEETING   
EQ,GODFRYPHLP,Godfrey Phillips Ltd., ,30/07/2021,05/08/2021,28/07/2021, , ,AGM/DIV - RS 24 PER SH   
EQ,HEG,HEG Ltd, ,22/07/2021,28/07/2021,19/07/2021, , ,AGM/DIV - RS 3 PER SH    
EQ,PRAKASH,Prakash Industries Ltd., ,21/07/2021,24/07/2021,19/07/2021, , ,ANNUAL GENERAL MEETING   
EQ,VIPIND,VIP Industries Ltd., ,06/08/2021,13/08/2021,04/08/2021, , ,ANNUAL GENERAL MEETING   
EQ,DABUR,Dabur India Ltd., ,02/08/2021,06/08/2021,29/07/2021, , ,AGM/DIV - RS 3 PER SH    
EQ,CENTENKA,Century Enka Ltd, ,03/08/2021,05/08/2021,30/07/2021, , ,AGM/DIV - RS 8 PER SH    
EQ,EIHOTEL,EIH Ltd, ,23/07/2021,25/07/2021,20/07/2021, , ,ANNUAL GENERAL MEETING   
EQ,ELGIEQUIP,Elgi Equipments Ltd, ,27/07/2021,02/08/2021,23/07/2021, , ,AGM/DIV - RS 0.80 PER SH 
EQ,IFBAGRO,IFB Agro Industries Ltd, ,31/07/2021,06/08/2021,29/07/2021, , ,ANNUAL GENERAL MEETING   
EQ,MUNJALSHOW,Munjal Showa Ltd, ,14/08/2021,25/08/2021,12/08/2021, , ,AGM/DIV-RS 4.50 PER SH   
EQ,BLUEDART,Blue Dart Express Ltd, ,23/07/2021,30/07/2021,20/07/2021, , ,AGM/DIV - RS 15 PER SH   
EQ,BERGEPAINT,Berger Paints (I) Ltd, ,21/08/2021,27/08/2021,18/08/2021, , ,AGM/DIV-RS 2.80 PER SH   
EQ,IVP,IVP Ltd., ,22/07/2021,28/07/2021,19/07/2021, , ,AGM/DIV - RE 1 PER SH    
EQ,LYKALABS,Lyka Labs Ltd, ,24/07/2021,30/07/2021,22/07/2021, , ,ANNUAL GENERAL MEETING   
EQ,PIDILITIND,Pidilite Industries Ltd, ,29/07/2021,11/08/2021,27/07/2021, , ,AGM/DIV-RS 8.50 PER SH   
EQ,TATAMETALI,Tata Metaliks Ltd, ,24/07/2021,02/08/2021,22/07/2021, , ,AGM/DIV - RS 4 PER SH    
EQ,M&M,Mah & Mah Ltd., ,17/07/2021,06/08/2021,15/07/2021, , ,AGM/DIV-RS 8.75 PER SH   
EQ,UNICHEMLAB,Unichem Laboratories Ltd., ,26/07/2021,31/07/2021,22/07/2021, , ,AGM/DIV - RS 4 PER SH    
EQ,KABRAEXTRU,Kabra Extrus Technik Ltd, ,24/07/2021,30/07/2021,22/07/2021, , ,AGM/DIV-RS 2.50 PER SH   
EQ,KARURVYSYA,Karur Vysya Bank Ltd, ,27/07/2021,11/08/2021,23/07/2021, , ,AGM/DIV-RS 0.50 PER SH   
EQ,INDIANHUME,Indian Hume Pipe Co. Ltd, ,14/08/2021,26/08/2021,12/08/2021, , ,AGM/DIV - RS 2 PER SH    
EQ,GABRIEL,Gabriel India Ltd,28/07/2021, , ,27/07/2021, , ,DIV - RS 0.70 PER SH     
EQ,GOODYEAR,Goodyear India Ltd, ,06/08/2021,12/08/2021,04/08/2021, , ,AGM/DIV-RS18SPLDIV-RS80  
EQ,ESABINDIA,Esab India Ltd., ,06/08/2021,12/08/2021,04/08/2021, , ,AGM/DIV - RS 25 PER SH   
EQ,ORIENTHOT,Oriental Hotels Ltd, ,21/07/2021,27/07/2021,19/07/2021, , ,ANNUAL GENERAL MEETING   
EQ,TINPLATE,The Tinplate Co. (I) Ltd, ,16/07/2021,30/07/2021,14/07/2021, , ,AGM/DIV - RS 2 PER SH    
EQ,EIMCOELECO,Eimco Elecon (India) Ltd., ,24/07/2021,05/08/2021,22/07/2021, , ,AGM/DIV - RS 5 PER SH    
EQ,JAYAGROGN,Jayant Agro Organics Ltd., ,07/08/2021,12/08/2021,05/08/2021, , ,AGM/DIV - RE 1 PER SH    
EQ,BATAINDIA,Bata India Ltd., ,06/08/2021,12/08/2021,04/08/2021, , ,AGM/DIV - RS 4 PER SH    
EQ,NOCIL,NOCIL Limited, ,28/07/2021,03/08/2021,26/07/2021, , ,AGM/DIV - RS 2 PER SH    
EQ,TITAN,Titan Company Limited, ,24/07/2021,02/08/2021,22/07/2021, , ,AGM/DIV - RS 4 PER SH    
EQ,VOLTAS,Voltas Ltd., ,13/08/2021,27/08/2021,11/08/2021, , ,AGM/DIV - RS 5 PER SH    
EQ,ESCORTS,Escorts India Ltd., ,17/07/2021,27/07/2021,15/07/2021, , ,AGM/DIV-RS5/SPLDIV-RS2.5 
EQ,NORBTEAEXP,Norben Tea & Exp Ltd., ,05/08/2021,11/08/2021,03/08/2021, , ,ANNUAL GENERAL MEETING   
EQ,BASF,BASF Ltd., ,24/07/2021,30/07/2021,22/07/2021, , ,AGM/DIV-RS 5/SPLDIV-RS 5 
EQ,MRF,MRF Ltd., ,06/08/2021,12/08/2021,04/08/2021, , ,AGM/DIV/SPLDIV           
EQ,AUTOAXLES,Automotive Axles Limited, ,05/08/2021,10/08/2021,03/08/2021, , ,AGM/DIV-RS 4.50 PER SH   
EQ,CARBORUNIV,Carborundum Univ Ltd, ,26/07/2021,02/08/2021,22/07/2021, , ,AGM/DIV - RS 1.50 PER SH 
EQ,IFBIND,IFB Industries Ltd., ,31/07/2021,06/08/2021,29/07/2021, , ,ANNUAL GENERAL MEETING   
EQ,PUNJABCHEM,Punj Chem & Crop Prot Ltd, ,05/08/2021,12/08/2021,03/08/2021, , ,DIV - RS 2 PER SH        
EQ,RAYMOND,Raymond Ltd., ,24/07/2021,02/08/2021,22/07/2021, , ,ANNUAL GENERAL MEETING   
EQ,SESHAPAPER,Seshasaye Pap & Boards , ,15/07/2021,24/07/2021,13/07/2021, , ,AGM/DIV - RS 2.50 PER SH 
EQ,LUMAXIND,Lumax Industries Ltd, ,24/08/2021,31/08/2021,20/08/2021, , ,AGM/DIV - RS 7 PER SH    
EQ,ORIENTPPR,Orient Paper & Ind Ltd, ,21/08/2021,27/08/2021,18/08/2021, , ,AGM/DIV-RS 0.25 PER SH   
EQ,CRISIL,CRISIL Limited,04/08/2021, , ,03/08/2021, , ,INTERIM DIVIDEND         
EQ,WHEELS,Wheels India Ltd, ,29/07/2021,04/08/2021,27/07/2021, , ,AGM/DIV - RE 1 PER SH    
EQ,RAMCOIND,Ramco Industries Ltd,12/08/2021, , ,11/08/2021, , ,ANNUAL GENERAL MEETING   
EQ,KOTHARIPET,Kothari Petrochem Ltd, ,23/07/2021,29/07/2021,20/07/2021, , ,ANNUAL GENERAL MEETING   
EQ,HERITGFOOD,Heritage Foods Ltd., ,24/07/2021,30/07/2021,22/07/2021, , ,AGM/DIV - RS 5 PER SH    
EQ,ALEMBICLTD,Alembic Limited, ,31/07/2021,06/08/2021,29/07/2021, , ,AGM/DIV-RS 0.20 PER SH   
EQ,HCLTECH,HCL Technologies Ltd.,28/07/2021, , ,27/07/2021, , ,INTDIV - RS 6 PER SH     
EQ,MORARJEE,Morarjee Textiles Limited, ,24/07/2021,29/07/2021,22/07/2021, , ,ANNUAL GENERAL MEETING   
EQ,RSSOFTWARE,R. S. Software (I) Ltd., ,04/08/2021,10/08/2021,02/08/2021, , ,ANNUAL GENERAL MEETING   
EQ,IBULHSGFIN,Indiabulls Hsg Fin Ltd, ,26/07/2021,29/07/2021,22/07/2021, , ,ANNUAL GENERAL MEETING   
EQ,WOCKPHARMA,Wockhardt Ltd., ,27/07/2021,02/08/2021,23/07/2021, , ,ANNUAL GENERAL MEETING   
EQ,SONATSOFTW,Sonata Software Ltd, ,10/08/2021,16/08/2021,06/08/2021, , ,AGM/DIV - RS 10 PER SH   
EQ,IOB,Indian Overseas Bank, ,01/08/2021,07/08/2021,29/07/2021, , ,ANNUAL GENERAL MEETING   
EQ,IDBI,IDBI Bank Limited, ,04/08/2021,10/08/2021,02/08/2021, , ,ANNUAL GENERAL MEETING   
EQ,KOPRAN,Kopran Ltd., ,09/08/2021,11/08/2021,05/08/2021, , ,DIV - RS 1.50 PER SH     
EQ,RAMCOSYS,Ramco Systems Limited, ,12/08/2021,19/08/2021,10/08/2021, , ,ANNUAL GENERAL MEETING   
EQ,VSTIND,VST Industries Ltd., ,20/07/2021,27/07/2021,16/07/2021, , ,DIV - RS 114 PER SH      
EQ,SHREECEM,SHREE CEMENT LIMITED,24/07/2021, , ,22/07/2021, , ,DIV - RS 60 PER SH       
EQ,AMARAJABAT,Amara Raja Batt Ltd, ,31/07/2021,06/08/2021,29/07/2021, , ,AGM/DIV - RS 6 PER SH    
EQ,CADILAHC,Cadila Healthcare Ltd., ,30/07/2021,06/08/2021,28/07/2021, , ,AGM/DIV-RS 3.50 PER SH   
EQ,NOVARTIND,Novartis India Ltd., ,20/08/2021,27/08/2021,17/08/2021, , ,DIV - RS 10 PER SH       
EQ,GREENPLY,Greenply Industries Ltd, ,16/08/2021,19/08/2021,12/08/2021, , ,AGM/DIV-RS 0.40 PER SH   
EQ,KOTARISUG,Kothari Sugars And Chemic, ,24/07/2021,30/07/2021,22/07/2021, , ,ANNUAL GENERAL MEETING   
EQ,LUPIN,Lupin Limited,28/07/2021, , ,27/07/2021, , ,DIV - RS 6.50 PER SH     
EQ,UNIENTER,Uniphos Enterprises Limit, ,31/07/2021,13/08/2021,29/07/2021, , ,DIV - RS 3.40 PER SH     
EQ,XPROINDIA,Xpro India Limited, ,03/08/2021,10/08/2021,30/07/2021, , ,ANNUAL GENERAL MEETING   
EQ,GODREJIND,Godrej Industries Ltd., ,06/08/2021,13/08/2021,04/08/2021, , ,ANNUAL GENERAL MEETING   
EQ,TCI,Transport Corporation of, ,29/07/2021,03/08/2021,27/07/2021, , ,AGM/DIV-RS 1.30 PER SH   
EQ,3MINDIA,3M India Limited, ,21/08/2021,26/08/2021,18/08/2021, , ,ANNUAL GENERAL MEETING   
EQ,SUNDRMBRAK,Sundaram Brake Lin Ltd., ,05/08/2021,11/08/2021,03/08/2021, , ,ANNUAL GENERAL MEETING   
EQ,PNB,Punjab National Bank, ,20/07/2021,26/07/2021,16/07/2021, , ,ANNUAL GENERAL MEETING   
EQ,INDORAMA,Indo Rama Synthetics (Ind, ,18/08/2021,24/08/2021,13/08/2021, , ,ANNUAL GENERAL MEETING   
EQ,LT,Larsen & Toubro Limited, ,30/07/2021,05/08/2021,28/07/2021, , ,AGM/DIV - RS 18 PER SH   
EQ,APARINDS,Apar Industries Limited, ,07/08/2021,13/08/2021,05/08/2021, , ,AGM/DIV-RS 9.50 PER SH   
EQ,MARUTI,Maruti Suzuki India Ltd, ,07/08/2021,24/08/2021,05/08/2021, , ,DIV - RS 45  PER SH      
EQ,UNIONBANK,Union Bank of India, ,04/08/2021,10/08/2021,02/08/2021, , ,ANNUAL GENERAL MEETING   
EQ,VENKEYS,Venky's (India) Limited, ,24/07/2021,30/07/2021,22/07/2021, , ,DIV - RS 17 PER SH       
EQ,SUVEN,Suven Life Sciences Ltd, ,04/08/2021,06/08/2021,02/08/2021, , ,ANNUAL GENERAL MEETING   
EQ,CANBK,Canara Bank, ,28/07/2021,03/08/2021,26/07/2021, , ,ANNUAL GENERAL MEETING   
EQ,GRAPHITE,Graphite India Limited,10/08/2021, , ,09/08/2021, , ,DIV - RS 5 PER SH        
EQ,USHAMART,Usha Martin Limited, ,05/08/2021,11/08/2021,03/08/2021, , ,ANNUAL GENERAL MEETING   
EQ,CLNINDIA,Clariant Chemicals (I)Ltd, ,06/08/2021,12/08/2021,04/08/2021, , ,AGM/DIV - RS 15 PER SH   
EQ,QUINTEGRA,Quintegra Solutions Ltd, ,24/07/2021,30/07/2021,22/07/2021, , ,ANNUAL GENERAL MEETING   
EQ,RANEHOLDIN,Rane Holdings Limited,30/07/2021, , ,29/07/2021, , ,ANNUAL GENERAL MEETING   
EQ,GOLDIAM,Goldiam International Lim, ,14/08/2021,28/08/2021,12/08/2021, , ,AGM/DIV - RS 3 PER SH    
EQ,REPRO,Repro India Limited, ,04/08/2021,10/08/2021,02/08/2021, , ,ANNUAL GENERAL MEETING   
EQ,SHRIRAMCIT,Shriram City Union Financ, ,23/07/2021,29/07/2021,20/07/2021, , ,AGM/DIV - RS 13 PER SH   
EQ,JKCEMENT,JK Cement Limited, ,05/08/2021,14/08/2021,03/08/2021, , ,AGM/DIV - RS 15 PER SH   
EQ,SAKSOFT,Saksoft Limited, ,01/08/2021,10/08/2021,29/07/2021, , ,AGM/DIV - RS 2.50 PER SH 
EQ,M&MFIN,Mahindra & Mahindra Finan, ,20/07/2021,26/07/2021,16/07/2021, , ,AGM/DIV - RS  0.80 PER SH
EQ,IGARASHI,Igarashi Motors India Lim, ,01/08/2021,09/08/2021,29/07/2021, , ,AGM/DIV-RS 1.50 PER SH   
EQ,SHOPERSTOP,Shoppers Stop Limited, ,23/07/2021,29/07/2021,20/07/2021, , ,ANNUAL GENERAL MEETING   
EQ,EVERESTIND,Everest Industries Limite,18/08/2021, , ,17/08/2021, , ,AGM/DIV-RS 7.50 PER SH   
EQ,GANGOTRI,Gangotri Textiles Limited, ,24/07/2021,30/07/2021,22/07/2021, , ,ANNUAL GENERAL MEETING   
EQ,PRIMESECU,Prime Securities Limited, ,10/08/2021,17/08/2021,06/08/2021, , ,AGM/DIV-RS 4.50 PER SH   
EQ,GRANULES,Granules India Limited, ,30/07/2021,05/08/2021,28/07/2021, , ,AGM/DIV - RS 0.75 PER SH 
EQ,CUMMINSIND,Cummins India Limited,05/08/2021, , ,04/08/2021, , ,AGM/DIV - RS 8 PER SH    
EQ,EMKAY,Emkay Global Fin Serv Ltd, ,31/07/2021,06/08/2021,29/07/2021, , ,AGM/DIV - RE 1 PER SH    
EQ,PAGEIND,Page Industries Limited, ,05/08/2021,05/08/2021,03/08/2021, , ,ANNUAL GENERAL MEETING   
EQ,PATINTLOG,Patel Integrated Logistic, ,27/07/2021,02/08/2021,23/07/2021, , ,AGM/DIV-RS 0.10 PER SH   
EQ,HIRECT,Hind Rectifiers Limited, ,06/08/2021,12/08/2021,04/08/2021, , ,AGM/DIV-RS 0.40 PER SH   
EQ,BALAMINES,Balaji Amines Limited, ,02/08/2021,09/08/2021,29/07/2021, , ,AGM/DIV - RS 4 PER SH    
EQ,PLASTIBLEN,Plastiblends India Limite, ,20/07/2021,26/07/2021,16/07/2021, , ,AGM/DIV - RS 4 PER SH    
EQ,CENTRALBK,Central Bank of India, ,07/08/2021,10/08/2021,05/08/2021, , ,ANNUAL GENERAL MEETING   
EQ,TECHM,Tech Mahindra Limited, ,27/07/2021,30/07/2021,23/07/2021, , ,AGM/DIV-RS15SPLDIV-RS15  
EQ,ICRA,ICRA Limited, ,24/07/2021,28/07/2021,22/07/2021, , ,DIV - RS 27 PER SH       
EQ,GRINDWELL,Grindwell Norton Limited, ,22/07/2021,28/07/2021,19/07/2021, , ,AGM/DIV - RS 9.50 PER SH 
EQ,HINDALCO,Hindalco Ind Ltd., ,17/08/2021,23/08/2021,12/08/2021, , ,AGM/DIV - RS 3 PER SH    
EQ,NILKAMAL,Nilkamal Limited, ,29/07/2021,04/08/2021,27/07/2021, , ,AGM/DIV - RS 10 PER SH   
EQ,AVTNPL,AVT Natural Products Limi, ,20/08/2021,26/08/2021,17/08/2021, , ,AGM/DIV-RS 0.40 PER SH   
EQ,TIDEWATER,Tide Water Oil Co. (India,27/07/2021, , ,26/07/2021, , ,BONUS 1:1                
EQ,TIDEWATER,Tide Water Oil Co. (India,27/07/2021, , ,26/07/2021, , ,FVSPLT FRM RS 5 TO RE 2  
EQ,TIDEWATER,Tide Water Oil Co. (India, ,21/07/2021,27/07/2021,19/07/2021, , ,DIV - RS 200 PER SH      
EQ,LUMAXTECH,Lumax Auto Technologies L, ,24/08/2021,31/08/2021,20/08/2021, , ,AGM/DIV - RS 3 PER SH    
EQ,CENTUM,Centum Electronics Ltd.,03/08/2021, , ,02/08/2021, , ,DIV - RS 2 PER SH        
EQ,POWERGRID,Power Grid Corporation of,30/07/2021, , ,29/07/2021, , ,BONUS 1:3                
EQ,ELECON,Elecon Engg Co. Ltd., ,24/07/2021,06/08/2021,22/07/2021, , ,AGM/DIV - RS 0.40 PER SH 
EQ,SAGCEM,Sagar Cements Ltd, ,20/07/2021,28/07/2021,16/07/2021, , ,DIV - RS 2.50 PER SH     
EQ,GANDHITUBE,Gandhi Special Tubes Limi,30/07/2021, , ,29/07/2021, , ,AGM/DIV - RS 9 PER SH    
EQ,CERA,Cera Sanitaryware Limited, ,20/07/2021,27/07/2021,16/07/2021, , ,DIV - RS 13 PER SH       
EQ,NAUKRI,Info Edge (India) Limited, ,21/08/2021,27/08/2021,18/08/2021, , ,ANNUAL GENERAL MEETING   
EQ,SWELECTES,Swelect Energy Sys Ltd, ,20/07/2021,26/07/2021,16/07/2021, , ,AGM/DIV - RS 3 PER SH    
EQ,REDINGTON,Redington (India) Limited,20/08/2021, , ,18/08/2021, , ,BONUS 1:1                
EQ,REDINGTON,Redington (India) Limited, ,05/08/2021,11/08/2021,03/08/2021, , ,ANNUAL GENERAL MEETING   
EQ,FSL,Firstsource Solutions Lim, ,23/07/2021,29/07/2021,20/07/2021, , ,ANNUAL GENERAL MEETING   
EQ,NELCAST,Nelcast Limited, ,03/08/2021,09/08/2021,30/07/2021, , ,AGM/DIV - RS 0.20 PER SH 
EQ,GESHIP,The Great Eastern Shippin, ,23/07/2021,29/07/2021,20/07/2021, , ,AGM/DIV - RS 9 PER SH    
EQ,COLPAL,Colgate Palmolive (India), ,23/07/2021,29/07/2021,20/07/2021, , ,ANNUAL GENERAL MEETING   
EQ,JYOTHYLAB,Jyothy Labs Limited, ,23/07/2021,30/07/2021,20/07/2021, , ,AGM/DIV - RS 4 PER SH    
EQ,ARCHIDPLY,Archidply Industries Limi, ,20/07/2021,26/07/2021,16/07/2021, , ,ANNUAL GENERAL MEETING   
EQ,VINYLINDIA,Vinyl Chemicals (India) L, ,06/08/2021,12/08/2021,04/08/2021, , ,AGM/DIV-RS 3.75 PER SH   
EQ,ASTEC,Astec LifeSciences Ltd, ,24/07/2021,27/07/2021,22/07/2021, , ,AGM/DIV - RS 1.50 PER SH 
EQ,TANTIACONS,Tantia Constructions Limi, ,20/07/2021,26/07/2021,16/07/2021, , ,ANNUAL GENERAL MEETING   
EQ,HERCULES,Hercules Hoists Limited, ,03/08/2021,10/08/2021,30/07/2021, , ,AGM/DIV-RS 1.50 PER SH   
EQ,GILLANDERS,Gillanders Arbuthnot Ltd, ,06/08/2021,13/08/2021,04/08/2021, , ,ANNUAL GENERAL MEETING   
EQ,DLINKINDIA,D-Link India Ltd, ,21/08/2021,27/08/2021,18/08/2021, , ,AGM/DIV - RS 1.80 PER SH 
EQ,JSWENERGY,JSW Energy Limited, ,29/07/2021,04/08/2021,27/07/2021, , ,DIV - RS 2 PER SH        
EQ,OFSS,Oracle Fin Serv Soft Ltd., ,29/07/2021,04/08/2021,27/07/2021, , ,ANNUAL GENERAL MEETING   
EQ,ABBOTINDIA,Abbott India Limited, ,21/07/2021,27/07/2021,19/07/2021, , ,AGM/DIVRS120SPLDIVRS155  
EQ,BAYERCROP,Bayer Cropscience Ltd, ,29/07/2021,05/08/2021,27/07/2021, , ,AGM/DIV - RS 25 PER SH   
EQ,BOSCHLTD,Bosch Limited, ,14/07/2021,05/08/2021,12/07/2021, , ,AGM/DIV - RS 115 PER SH  
EQ,BIRLAMONEY,Aditya Birla Money Ltd, ,24/07/2021,30/07/2021,22/07/2021, , ,ANNUAL GENERAL MEETING   
EQ,VGUARD,V-Guard Industries Limite, ,30/07/2021,05/08/2021,28/07/2021, , ,AGM/DIV - RS 1.20 PER SH 
EQ,DELTACORP,Delta Corp Limited,30/07/2021, , ,29/07/2021, , ,DIV - RE 1 PER SH        
EQ,UNITEDTEA,United Nilgiri Tea Ltd, ,07/08/2021,13/08/2021,05/08/2021, , ,AGM/DIV-RS 1.70 PER SH   
EQ,WHIRLPOOL,Whirlpool of India Ltd, ,02/08/2021,07/08/2021,29/07/2021, , ,AGM/DIV - RS 5 PER SH    
EQ,NESCO,Nesco Limited, ,04/08/2021,11/08/2021,02/08/2021, , ,AGM/DIV - RS 3 PER SH    
EQ,COROMANDEL,Coromandel Internl Ltd., ,17/07/2021,26/07/2021,15/07/2021, , ,AGM/DIV - RS 6 PER SH    
EQ,MBLINFRA,MBL Infrastructures Ltd, ,01/08/2021,07/08/2021,29/07/2021, , ,ANNUAL GENERAL MEETING   
EQ,SOLARINDS,Solar Industries (I) Ltd, ,21/08/2021,31/08/2021,18/08/2021, , ,AGM/DIV - RS 6 PER SH    
EQ,THANGAMAYL,Thangamayil Jewellery Ltd, ,20/08/2021,26/08/2021,17/08/2021, , ,AGM/DIV - RS 4 PER SH    
EQ,AKZOINDIA,Akzo Nobel India Limited, ,07/08/2021,13/08/2021,05/08/2021, , ,AGM/DIV - RS 30 PER SH   
EQ,CHOLAFIN,Cholamandalam In & Fin Co, ,26/07/2021,30/07/2021,22/07/2021, , ,AGM/DIV - RS 0.70 PER SH 
EQ,KIRLOSIND,Kirloskar Industries Limi, ,04/08/2021,10/08/2021,02/08/2021, , ,AGM/DIV - RS 10 PER SH   
EQ,GPPL,Gujarat Pipavav Port Ltd, ,07/08/2021,13/08/2021,05/08/2021, , ,DIV - RS 2.40 PER SH     
EQ,IMFA,Indian Metals & Ferro, ,23/07/2021,24/07/2021,20/07/2021, , ,AGM/DIV - RS 7 PER SH    
EQ,DEEPAKNTR,Deepak Nitrite Ltd, ,23/07/2021,30/07/2021,20/07/2021, , ,AGM/DIV/SPLDIV           
EQ,WABAG,VA Tech Wabag Ltd, ,14/08/2021,25/08/2021,12/08/2021, , ,ANNUAL GENERAL MEETING   
EQ,SMLISUZU,SML Isuzu Limited, ,23/07/2021,30/07/2021,20/07/2021, , ,ANNUAL GENERAL MEETING   
EQ,MAANALU,Maan Aluminium Limited,03/08/2021, , ,02/08/2021, , ,BONUS 1:1                
EQ,KIRLOSENG,Kirloskar Oil Eng Ltd, ,06/08/2021,12/08/2021,04/08/2021, , ,AGM/DIV-RS 2.50 PER SH   
EQ,DHANUKA,Dhanuka Agritech Ltd, ,17/07/2021,29/07/2021,15/07/2021, , ,AGM/DIV - RS 2 PER SH    
EQ,ELGIRUBCO,Elgi Rubber Co. Ltd, ,20/08/2021,26/08/2021,17/08/2021, , ,ANNUAL GENERAL MEETING   
EQ,ORIENTBELL,Orient Bell Limited, ,20/07/2021,26/07/2021,16/07/2021, , ,AGM/DIV-RS 0.50 PER SH   
EQ,L&TFH,L&T Finance Holdings Ltd, ,22/07/2021,28/07/2021,19/07/2021, , ,ANNUAL GENERAL MEETING   
EQ,TCIDEVELOP,TCI Developers Limited, ,23/07/2021,28/07/2021,20/07/2021, , ,ANNUAL GENERAL MEETING   
EQ,WABCOINDIA,WABCO India Limited,13/08/2021, , ,12/08/2021, , ,DIV - RS 11 PER SH       
EQ,KOKUYOCMLN,Kokuyo Camlin Limited, ,27/08/2021,31/08/2021,25/08/2021, , ,ANNUAL GENERAL MEETING   
EQ,HEROMOTOCO,Hero MotoCorp Limited, ,24/07/2021,04/08/2021,22/07/2021, , ,AGM/DIV-RS25/SPLDIV-RS10 
EQ,SYMPHONY,Symphony Limited, ,31/07/2021,06/08/2021,29/07/2021, , ,AGM/DIV - RS 4 PER SH    
EQ,APLLTD,Alembic Pharma Ltd, ,21/07/2021,27/07/2021,19/07/2021, , ,AGM/DIV - RS 14 PER SH   
EQ,HIL,HIL Limited, ,24/07/2021,30/07/2021,22/07/2021, , ,AGM/DIV - RS 25 PER SH   
EQ,ORIENTCEM,Orient Cement Ltd., ,30/07/2021,05/08/2021,28/07/2021, , ,AGM/DIV - RS 1.50 PER SH 
EQ,PRESSMN,Nucent Finance Limited, ,20/07/2021,26/07/2021,16/07/2021, , ,ANNUAL GENERAL MEETING   
EQ,RAMCOCEM,Ramco Cements Ltd.,12/08/2021, , ,11/08/2021, , ,ANNUAL GENERAL MEETING   
EQ,UPL,UPL Limited, ,16/07/2021,04/08/2021,14/07/2021, , ,DIV - RS 10 PER SH       
EQ,NATHBIOGEN,Nath Bio-Genes (I) Ltd, ,22/08/2021,27/08/2021,18/08/2021, , ,AGM/DIV - RS 2 PER SH    
EQ,AGRITECH,Agri-Tech (India) Limited, ,24/07/2021,29/07/2021,22/07/2021, , ,ANNUAL GENERAL MEETING   
EQ,BUTTERFLY,Btrfly Gandhi Appl Ltd, ,23/07/2021,29/07/2021,20/07/2021, , ,ANNUAL GENERAL MEETING   
EQ,MINDTECK,Mindteck (India) Limited, ,31/07/2021,13/08/2021,29/07/2021, , ,ANNUAL GENERAL MEETING   
EQ,WONDERLA,Wonderla Holidays Ltd., ,07/08/2021,12/08/2021,05/08/2021, , ,ANNUAL GENERAL MEETING   
EQ,PDSMFL,PDS Multinational Fas Ltd, ,24/07/2021,30/07/2021,22/07/2021, , ,AGM/DIV-RS 15.75 PER SH  
EQ,TECHIN,Techindia Nirman Limited, ,24/07/2021,29/07/2021,22/07/2021, , ,ANNUAL GENERAL MEETING   
EQ,SRIPIPES,Srikalahasthi Pipes Ltd, ,03/08/2021,09/08/2021,30/07/2021, , ,AGM/DIV - RS 6 PER SH    
EQ,MENONBE,Menon Bearings Limited, ,24/07/2021,30/07/2021,22/07/2021, , ,ANNUAL GENERAL MEETING   
EQ,INTELLECT,Intellect Design Arena, ,23/07/2021,04/08/2021,20/07/2021, , ,ANNUAL GENERAL MEETING   
EQ,GRPLTD,GRP Limited, ,06/08/2021,12/08/2021,04/08/2021, , ,AGM/DIV-RS 2.50 PER SH   
EQ,JMA,Jullundur Mot Agency Ltd, ,18/08/2021,24/08/2021,13/08/2021, , ,AGM/DIV - RS 2 PER SH    
EQ,VRLLOG,VRL Logistics Limited,31/07/2021, , ,29/07/2021, , ,DIV - RS 4 PER SH        
EQ,VEDL,Vedanta Limited, ,05/08/2021,09/08/2021,03/08/2021, , ,ANNUAL GENERAL MEETING   
EQ,SHK,S H Kelkar and Co. Ltd., ,04/08/2021,10/08/2021,02/08/2021, , ,AGM/DIV-RS 0.75 PER SH   
EQ,BHAGERIA,Bhageria Industries Ltd, ,25/07/2021,31/07/2021,22/07/2021, , ,AGM/DIV-RS 3.50 PER SH   
EQ,ALKEM,Alkem Laboratories Ltd.,10/08/2021, , ,09/08/2021, , ,DIV - RS 5 PER SH        
EQ,PRECAM,Precision Camshafts Ltd., ,20/07/2021,27/07/2021,16/07/2021, , ,AGM/DIV - RE 1 PER SH    
EQ,LTI,L&T Infotech Limited,02/08/2021, , ,30/07/2021, , ,SPLDIV - RS 10 PER SH    
EQ,PDMJEPAPER,Pudumjee Paper Pro. Ltd, ,14/08/2021,21/08/2021,12/08/2021, , ,AGM/DIV - RE 0.30 PER SH 
EQ,ABMINTLTD,ABM International Ltd,28/07/2021, , , , , ,CAPITAL REDUCTION        
EQ,KIRLFER,Kirloskar Ferrous Ind Ltd, ,18/07/2021,27/07/2021,15/07/2021, , ,AGM/DIV-RS 3 PER SH      
EQ,EQUITAS,Equitas Holdings Limited, ,06/08/2021,12/08/2021,04/08/2021, , ,ANNUAL GENERAL MEETING   
EQ,GPTINFRA,GPT Infraprojects Ltd, ,13/08/2021,19/08/2021,11/08/2021, , ,AGM/DIV - RE 1 PER SH    
EQ,POKARNA,Pokarna Limited, ,31/07/2021,06/08/2021,29/07/2021, , ,AGM/DIV-RS 0.60 PER SH   
EQ,GET&D,GE T&D India Limited, ,31/07/2021,06/08/2021,29/07/2021, , ,ANNUAL GENERAL MEETING   
EQ,SHANKARA,Shankara Bldg Product Ltd, ,27/07/2021,29/07/2021,23/07/2021, , ,ANNUAL GENERAL MEETING   
EQ,DMART,Avenue Supermarts Limited, ,11/08/2021,17/08/2021,09/08/2021, , ,ANNUAL GENERAL MEETING   
EQ,GODREJAGRO,Godrej Agrovet Limited, ,06/08/2021,09/08/2021,04/08/2021, , ,AGM/DIV - RS 8 PER SH    
EQ,TCPLPACK,TCPL Packaging Limited, ,21/08/2021,27/08/2021,18/08/2021, , ,AGM/DIV - RS 7.35 PER SH 
EQ,TASTYBITE,Tasty Bite Eatables Ltd, ,17/07/2021,05/08/2021,15/07/2021, , ,AGM/DIV - RS 2 PER SH    
EQ,TIINDIA,Tube Invest of India Ltd, ,06/08/2021,13/08/2021,04/08/2021, , ,AGM/DIV-RS 1.50 PER SH   
EQ,DOLLAR,Dollar Industries Limited, ,22/07/2021,28/07/2021,19/07/2021, , ,AGM/DIV-RS 2.40 PER SH   
EQ,DIAMONDYD,Prataap Snacks Limited,29/07/2021, , ,28/07/2021, , ,AGM/DIV-RS 0.50 PER SH   
EQ,MAHLOG,Mahindra Logistic Limited, ,21/07/2021,27/07/2021,19/07/2021, , ,DIV - RS 2.50  PER SH    
EQ,IFGLEXPOR,IFGL Refractories Limited, ,31/07/2021,07/08/2021,29/07/2021, , ,AGM/DIV-RS 4/SPLDIV-RS 6 
EQ,DFMFOODS,DFM Foods Limited, ,17/08/2021,23/08/2021,12/08/2021, , ,AGM/DIV - RE 1 PER SH    
EQ,BSE,BSE Limited,06/08/2021, , ,05/08/2021, , ,DIV - RS 21 PER SH       
EQ,TATASTLLP,Tata Steel Long Pro Ltd, ,24/07/2021,05/08/2021,22/07/2021, , ,AGM/DIV - RS 5 PER SH    
EQ,TERASOFT,Tera Software Limited, ,23/07/2021,29/07/2021,20/07/2021, , ,ANNUAL GENERAL MEETING   
EQ,WIPL,The Western India Ply Ltd, ,04/08/2021,10/08/2021,02/08/2021, , ,AGM/DIV-RS 0.80 PER SH   
EQ,ENDURANCE,Endurance Techno. Ltd., ,14/08/2021,25/08/2021,12/08/2021, , ,AGM/DIV - RS 6 PER SH    
EQ,GMMPFAUDLR,GMM Pfaudler Limited, ,07/08/2021,13/08/2021,05/08/2021, , ,AGM/DIV - RS 2 PER SH    
EQ,PRIVISCL,Privi Speciality Che Ltd, ,20/08/2021,27/08/2021,17/08/2021, , ,ANNUAL GENERAL MEETING   
EQ,PRIVISCL,Privi Speciality Che Ltd,18/08/2021, , ,17/08/2021, , ,DIV - RS 2 PER SH        
EQ,TATASTLBSL,Bhushan Steel Limited, ,31/07/2021,06/08/2021,29/07/2021, , ,ANNUAL GENERAL MEETING   
EQ,DVL,Dhunseri Petrochem Limite, ,07/08/2021,13/08/2021,05/08/2021, , ,AGM/DIV - RS 2.50 PER SH 
EQ,AMJLAND,AMJ Land Holdings Limited, ,14/08/2021,21/08/2021,12/08/2021, , ,AGM/DIV - RE 0.20 PER SH 
EQ,KARDA,Karda Constructions Ltd, ,31/07/2021,07/08/2021,29/07/2021, , ,ANNUAL GENERAL MEETING   
EQ,3PLAND,3P Land Holdings Limited, ,20/08/2021,31/08/2021,17/08/2021, , ,ANNUAL GENERAL MEETING   
EQ,FINEORG,Fine Organic Ind. Ltd., ,18/08/2021,24/08/2021,13/08/2021, , ,AGM/DIV RS 6/SPLDIV RS 5 
EQ,ROUTE,ROUTE MOBILE LIMITED, ,17/07/2021,05/08/2021,15/07/2021, , ,DIV - RS 2 PER SH        
EQ,BANDHANBNK,Bandhan Bank Limited, ,31/07/2021,06/08/2021,29/07/2021, , ,AGM/DIV - RE 1 PER SH    
EQ,ORIENTELEC,Orient Electric Limited, ,23/07/2021,29/07/2021,20/07/2021, , ,AGM/DIV - RS 1.25 PER SH 
EQ,VAISHALI,Vaishali Pharma Limited, ,30/07/2021,05/08/2021,28/07/2021, , ,EXTRA GENERAL MEETING    
EQ,ANDHRAPAP,ANDHRA PAPER LIMITED,30/07/2021, , ,29/07/2021, , ,AGM/DIV - RS 5 PER SH    
EQ,SUVENPHAR,Suven Pharmaceuticals Ltd,17/08/2021, , ,13/08/2021, , ,AGM/DIV - RE 1 PER SH    
EQ,BOROLTD,Borosil Limited, ,20/08/2021,26/08/2021,17/08/2021, , ,AGM/DIV - RE 1 PER SH    
EQ,CAMS,Computer Age Mngt Ser Ltd,29/07/2021, , ,28/07/2021, , ,DIV - RS 11.84 PER SH    
EQ,ANGELBRKG,Angel Broking Limited,26/07/2021, , ,23/07/2021, , ,INTDIV - RS 5.15 PER SH  
EQ,UTIAMC,UTI Asset Mngmt Co Ltd, ,22/07/2021,28/07/2021,19/07/2021, , ,DIV - RS 17 PER SH       
EQ,EQUITASBNK,Equitas Small Fin Bnk Ltd, ,06/08/2021,12/08/2021,04/08/2021, , ,ANNUAL GENERAL MEETING   
EQ,ADL,Archidply Decor Limted, ,09/08/2021,16/08/2021,05/08/2021, , ,ANNUAL GENERAL MEETING   
EQ,RGL,Renaissance Global Ltd, ,29/07/2021,05/08/2021,27/07/2021, , ,ANNUAL GENERAL MEETING   
EQ,DCMNVL,DCM Nouvelle Limited, ,19/07/2021,27/07/2021,15/07/2021, , ,ANNUAL GENERAL MEETING   
EQ,EPL,EPL Limited,28/07/2021, , ,27/07/2021, , ,DIV - RS 2.05 PER SH     
EQ,AARTISURF,Aarti Surfactants Limited,03/08/2021, , ,02/08/2021, , ,DIV - RS 3 PER SH        
EQ,CHOLAHLDNG,Cholamandalam Fin Hol Ltd, ,29/07/2021,04/08/2021,27/07/2021, , ,AGM/DIV - RS 0.55 PER SH 
EQ,SIRCA,Sirca Paint India Limited, ,31/07/2021,06/08/2021,29/07/2021, , ,AGM/DIV-RS 1.50 PER SH   
EQ,GLOBE,Globe Textiles (I) Ltd.,30/07/2021, , ,29/07/2021, , ,BONUS2:1/FVSPLIT10TO2    
EQ,OAL,Oriental Aromatics Limite, ,20/07/2021,27/07/2021,16/07/2021, , ,ANNUAL GENERAL MEETING   
EQ,CSBBANK,CSB Bank Limited, ,06/08/2021,12/08/2021,04/08/2021, , ,ANNUAL GENERAL MEETING   
EQ,MODISNME,Modison Metals Limited, ,28/07/2021,03/08/2021,26/07/2021, , ,ANNUAL GENERAL MEETING   
EQ,GLAND,Gland Pharma Limited,10/08/2021, , ,09/08/2021, , ,ANNUAL GENERAL MEETING   
GS,824GS2027,GOI LOAN 8.24%2027,13/08/2021, , ,12/08/2021, , ,INTEREST PAYMENT         
GS,826GS2027,GOI LOAN 8.26% 2027,31/07/2021, , ,29/07/2021, , ,INTEREST PAYMENT         
GS,828GS2032,GOI LOAN 8.28%2032,13/08/2021, , ,12/08/2021, , ,INTEREST PAYMENT         
GS,82GS2022,GOI LOAN 8.20%2022,13/08/2021, , ,12/08/2021, , ,INTEREST PAYMENT         
GS,832GS2032,GOI LOAN 8.32% 2032,31/07/2021, , ,29/07/2021, , ,INTEREST PAYMENT         
GS,732GS2024,GOVERNMENT OF INDIA,26/07/2021, , ,23/07/2021, , ,INTEREST PAYMENT         
GS,587GS2022,GOI 5.87% 2022,26/08/2021, , ,25/08/2021, , ,INTEREST PAYMENT         
GS,75GS2034,GOI LOAN 7.50% 2034,07/08/2021, , ,05/08/2021, , ,INTEREST PAYMENT         
GS,795GS2032,GOI LOAN 7.95% 2032,26/08/2021, , ,25/08/2021, , ,INTEREST PAYMENT         
GS,808GS2022,GOI LOAN 8.08% 2022,31/07/2021, , ,29/07/2021, , ,INTEREST PAYMENT         
GS,577GS2030,GOI LOAN   5.77% 2030,31/07/2021, , ,29/07/2021, , ,INTEREST PAYMENT         
GS,84GS2024,GOI LOAN 8.40% 2024,26/07/2021, , ,23/07/2021, , ,INTEREST PAYMENT         
M2,L&TFINANCE,L,09/08/2021, , ,02/08/2021,02/08/2021,06/08/2021,INTEREST PAYMENT         
M3,L&TFINANCE,L,09/08/2021, , ,02/08/2021,02/08/2021,06/08/2021,INTEREST PAYMENT         
M6,L&TFINANCE,L,09/08/2021, , ,02/08/2021,02/08/2021,06/08/2021,INTEREST PAYMENT         
M7,L&TFINANCE,L,09/08/2021, , ,02/08/2021,02/08/2021,06/08/2021,INTEREST PAYMENT         
MF,UTIRAP30P1,UTIAMC - UTIRAP30P1,31/08/2021, , , , , ,DIV/REDEMPTION           
MF,H135D,HSBCAMC - H135D, ,30/07/2021,30/07/2021, , , ,DIV/REDEMPTION           
MF,F135G,HSBCAMC - F135G, ,30/07/2021,30/07/2021, , , ,REDEMPTION               
MF,H135G,HSBCAMC - H135G, ,30/07/2021,30/07/2021, , , ,REDEMPTION               
MF,F135D,HSBCAMC - F135D, ,30/07/2021,30/07/2021, , , ,DIV/REDEMPTION           
MF,DAXXIXGR,SBIAMC - DAXXIXGR,26/07/2021, , , , , ,REDEMPTION               
MF,DAXXIXDD,SBIAMC - DAXXIXDD,26/07/2021, , , , , ,REDEMPTION               
MF,DAXXIXGD,SBIAMC - DAXXIXGD,26/07/2021, , , , , ,REDEMPTION               
MF,DAXXIXDR,SBIAMC - DAXXIXDR,26/07/2021, , , , , ,REDEMPTION               
MF,FIMPS4BDDP,FRANTEMAMC - FIMPS4BDDP,27/07/2021, , , , , ,REDEMPTION               
MF,FIMPS4BDG,FRANTEMAMC - FIMPS4BDG,27/07/2021, , , , , ,REDEMPTION               
MF,FIMPS4BQDP,FRANTEMAMC - FIMPS4BQDP,27/07/2021, , , , , ,REDEMPTION               
MF,FIMPS4BDP,FRANTEMAMC - FIMPS4BDP,27/07/2021, , , , , ,REDEMPTION               
MF,FIMPS4BRG,FRANTEMAMC - FIMPS4BRG,27/07/2021, , , , , ,REDEMPTION               
MF,IMFFM32CDG,RELIGARAMC - IMFFM32CDG,29/07/2021, , , , , ,DIV/REDEMPTION           
MF,IMFFM32CRG,RELIGARAMC - IMFFM32CRG,29/07/2021, , , , , ,DIV/REDEMPTION           
MF,IMFFM32CRD,RELIGARAMC - IMFFM32CRD,29/07/2021, , , , , ,DIV/REDEMPTION           
MF,SDFSC21DD,SBIAMC - SDFSC21DD,03/08/2021, , , , , ,REDEMPTION               
MF,SDFSC21GR,SBIAMC - SDFSC21GR,03/08/2021, , , , , ,REDEMPTION               
MF,SDFSC21DR,SBIAMC - SDFSC21DR,03/08/2021, , , , , ,REDEMPTION               
MF,SDFSC21GD,SBIAMC - SDFSC21GD,03/08/2021, , , , , ,REDEMPTION               
MF,H1113D42DG,HDFCAMC - H1113D42DG,25/08/2021, , , , , ,REDEMPTION               
MF,H1113D42DQ,HDFCAMC - H1113D42DQ,25/08/2021, , , , , ,DIV/REDEMPTION           
MF,H1113D42DD,HDFCAMC - H1113D42DD,25/08/2021, , , , , ,DIV/REDEMPTION           
MF,H1113D42RG,HDFCAMC - H1113D42RG,25/08/2021, , , , , ,REDEMPTION               
MF,H1113D42RD,HDFCAMC - H1113D42RD,25/08/2021, , , , , ,DIV/REDEMPTION           
MF,H1113D42RQ,HDFCAMC - H1113D42RQ,25/08/2021, , , , , ,DIV/REDEMPTION           
MF,H1122D41RG,HDFCAMC - H1122D41RG,26/07/2021, , , , , ,REDEMPTION               
MF,H1122D41DQ,HDFCAMC - H1122D41DQ,26/07/2021, , , , , ,DIV/REDEMPTION           
MF,H1122D41DD,HDFCAMC - H1122D41DD,26/07/2021, , , , , ,DIV/REDEMPTION           
MF,H1122D41DG,HDFCAMC - H1122D41DG,26/07/2021, , , , , ,REDEMPTION               
MF,H1122D41RD,HDFCAMC - H1122D41RD,26/07/2021, , , , , ,DIV/REDEMPTION           
MF,H1122D41RQ,HDFCAMC - H1122D41RQ,26/07/2021, , , , , ,DIV/REDEMPTION           
MF,ABSLFTQSDG,BIRLASLAMC - ABSLFTQSDG,27/07/2021, , , , , ,REDEMPTION               
MF,ABSLFTQSRG,BIRLASLAMC - ABSLFTQSRG,27/07/2021, , , , , ,REDEMPTION               
MF,ABSLFTQSDN,BIRLASLAMC - ABSLFTQSDN,27/07/2021, , , , , ,REDEMPTION               
MF,H1133D41DQ,HDFCAMC - H1133D41DQ,25/08/2021, , , , , ,DIV/REDEMPTION           
MF,H1133D41DD,HDFCAMC - H1133D41DD,25/08/2021, , , , , ,DIV/REDEMPTION           
MF,H1133D41DG,HDFCAMC - H1133D41DG,25/08/2021, , , , , ,REDEMPTION               
MF,H1133D41RQ,HDFCAMC - H1133D41RQ,25/08/2021, , , , , ,DIV/REDEMPTION           
MF,H1133D41RD,HDFCAMC - H1133D41RD,25/08/2021, , , , , ,DIV/REDEMPTION           
MF,H1133D41RG,HDFCAMC - H1133D41RG,25/08/2021, , , , , ,REDEMPTION               
MF,UTRGR29P15,UTIAMC - UTRGR29P15,10/08/2021, , , , , ,REDEMPTION               
MF,UTDGR29P15,UTIAMC - UTDGR29P15,10/08/2021, , , , , ,REDEMPTION               
MF,UFDHIPIRII,UTIAMC - UFDHIPIRII,04/08/2021, , , , , ,DIV/STP                  
MF,UFIHIPRGII,UTI-FIIF - HYIP- II - RG,04/08/2021, , , , , ,STP                      
MF,UFIHIPRRII,UTI-FIIF - HYIP- II - RDR,04/08/2021, , , , , ,DIV/STP                  
MF,UFIHIPRPII,UTI-FIIF - HYIP- II - RDP,04/08/2021, , , , , ,DIV/STP                  
MF,UFIS2QPRP5,UTI-FIIF II-QIP- V-RDP,25/08/2021, , , , , ,DIV/STP                  
MF,UFIS2QPRR5,UTI-FIIF II-QIP- V-RDR,25/08/2021, , , , , ,DIV/STP                  
MF,UFIS2QPRG5,UTI-FIIF II-QIP- V-RG,25/08/2021, , , , , ,STP                      
MF,UTFIMIPRPI,UTI-FIIF - MIP - I - RDP,28/07/2021, , , , , ,DIV/STP                  
MF,UTFIMIPRRI,UTI-FIIF - MIP - I - RDR,28/07/2021, , , , , ,DIV/STP                  
MF,UTFIMIPRGI,UTI-FIIF - MIP - I - RG,28/07/2021, , , , , ,STP                      
MF,UFIS2QPRP4,UTI-FIIF II-QIP- IV-RDP,04/08/2021, , , , , ,DIV/STP                  
MF,UFIS2QPRR4,UTI-FIIF II-QIP- IV-RDR,04/08/2021, , , , , ,DIV/STP                  
MF,UFIS2QPRG4,UTI-FIIF II-QIP- IV-RG,04/08/2021, , , , , ,STP                      
MF,UFDS2QPIP4,UTIAMC - UFDS2QPIP4,04/08/2021, , , , , ,DIV/STP                  
MF,UFDS2QPIG4,UTIAMC - UFDS2QPIG4,04/08/2021, , , , , ,STP                      
MF,UFDS2QPIP5,UTIAMC - UFDS2QPIP5,25/08/2021, , , , , ,DIV/STP                  
MF,UFDS2QPIG5,UTIAMC - UFDS2QPIG5,25/08/2021, , , , , ,STP                      
MF,UTFDMIPIGI,UTIAMC - UTFDMIPIGI,28/07/2021, , , , , ,STP                      
MF,UTFDMIPIRI,UTIAMC - UTFDMIPIRI,28/07/2021, , , , , ,DIV/STP                  
MF,UTFDMIPIPI,UTIAMC - UTFDMIPIPI,28/07/2021, , , , , ,DIV/STP                  
MF,UFDHIPIGII,UTIAMC - UFDHIPIGII,04/08/2021, , , , , ,STP                      
MF,UTRAP29P13,UTIAMC - UTRAP29P13,12/08/2021, , , , , ,DIV/REDEMPTION           
MF,UTRFP29P13,UTIAMC - UTRFP29P13,12/08/2021, , , , , ,DIV/REDEMPTION           
MF,UTDAP29P13,UTIAMC - UTDAP29P13,12/08/2021, , , , , ,DIV/REDEMPTION           
MF,UTRGR29P13,UTIAMC - UTRGR29P13,12/08/2021, , , , , ,REDEMPTION               
MF,UTRMP29P13,UTIAMC - UTRMP29P13,12/08/2021, , , , , ,DIV/REDEMPTION           
MF,UTDQP29P13,UTIAMC - UTDQP29P13,12/08/2021, , , , , ,DIV/REDEMPTION           
MF,UTDMP29P13,UTIAMC - UTDMP29P13,12/08/2021, , , , , ,DIV/REDEMPTION           
MF,UTRQP29P13,UTIAMC - UTRQP29P13,12/08/2021, , , , , ,DIV/REDEMPTION           
MF,UTDGR29P13,UTIAMC - UTDGR29P13,12/08/2021, , , , , ,REDEMPTION               
MF,ABSLFTQPDQ,BIRLASLAMC - ABSLFTQPDQ,28/07/2021, , , , , ,REDEMPTION               
MF,ABSLFTQPRN,BIRLASLAMC - ABSLFTQPRN,28/07/2021, , , , , ,REDEMPTION               
MF,ABSLFTQPDN,BIRLASLAMC - ABSLFTQPDN,28/07/2021, , , , , ,REDEMPTION               
MF,UTDQP29P14,UTIAMC - UTDQP29P14,10/08/2021, , , , , ,DIV/REDEMPTION           
MF,UTRMP29P14,UTIAMC - UTRMP29P14,10/08/2021, , , , , ,DIV/REDEMPTION           
MF,UTDGR29P14,UTIAMC - UTDGR29P14,10/08/2021, , , , , ,REDEMPTION               
MF,UTRGR29P14,UTIAMC - UTRGR29P14,10/08/2021, , , , , ,REDEMPTION               
MF,H1105D42DG,HDFCAMC - H1105D42DG,11/08/2021, , , , , ,REDEMPTION               
MF,H1105D42RD,HDFCAMC - H1105D42RD,11/08/2021, , , , , ,DIV/REDEMPTION           
MF,H1105D42RG,HDFCAMC - H1105D42RG,11/08/2021, , , , , ,REDEMPTION               
MF,H1105D42DD,HDFCAMC - H1105D42DD,11/08/2021, , , , , ,DIV/REDEMPTION           
MF,H1105D42DQ,HDFCAMC - H1105D42DQ,11/08/2021, , , , , ,DIV/REDEMPTION           
MF,H1105D42RQ,HDFCAMC - H1105D42RQ,11/08/2021, , , , , ,DIV/REDEMPTION           
MF,ABSLFTQPDG,BIRLASLAMC - ABSLFTQPDG,28/07/2021, , , , , ,REDEMPTION               
MF,ABSLFTQPRQ,BIRLASLAMC - ABSLFTQPRQ,28/07/2021, , , , , ,REDEMPTION               
MF,ABSLFTQPRG,BIRLASLAMC - ABSLFTQPRG,28/07/2021, , , , , ,REDEMPTION               
MF,UTIDAP30P2,UTIAMC - UTIDAP30P2,31/08/2021, , , , , ,DIV/REDEMPTION           
MF,UTIRQP30P2,UTIAMC - UTIRQP30P2,31/08/2021, , , , , ,DIV/REDEMPTION           
MF,UTIRGR30P2,UTIAMC - UTIRGR30P2,31/08/2021, , , , , ,REDEMPTION               
MF,UTIDGR30P2,UTIAMC - UTIDGR30P2,31/08/2021, , , , , ,REDEMPTION               
MF,UTIRGR30P1,UTIAMC - UTIRGR30P1,31/08/2021, , , , , ,REDEMPTION               
MF,UTIRMP30P1,UTIAMC - UTIRMP30P1,31/08/2021, , , , , ,DIV/REDEMPTION           
MF,UTIDGR30P1,UTIAMC - UTIDGR30P1,31/08/2021, , , , , ,REDEMPTION               
MF,UTIDMP30P1,UTIAMC - UTIDMP30P1,31/08/2021, , , , , ,DIV/REDEMPTION           
MF,UTIDQP30P1,UTIAMC - UTIDQP30P1,31/08/2021, , , , , ,DIV/REDEMPTION           
MF,UTIRQP30P1,UTIAMC - UTIRQP30P1,31/08/2021, , , , , ,DIV/REDEMPTION           
MF,UTIRFP30P1,UTIAMC - UTIRFP30P1,31/08/2021, , , , , ,DIV/REDEMPTION           
MH,SRTRANSFIN,Sec Red NCD 8.93% Sr. I,28/09/2021, , ,21/09/2021,21/09/2021,27/09/2021,INTEREST PAYMENT         
MH,SRTRANSFIN,Sec Red NCD 8.93% Sr. I,28/08/2021, , ,23/08/2021,23/08/2021,27/08/2021,INTEREST PAYMENT         
MH,SRTRANSFIN,Sec Red NCD 8.93% Sr. I,28/07/2021, , ,20/07/2021,20/07/2021,27/07/2021,INTEREST PAYMENT         
MI,SRTRANSFIN,Sec Red NCD 9.03% Sr. II,28/07/2021, , ,20/07/2021,20/07/2021,27/07/2021,INTEREST PAYMENT         
MI,SRTRANSFIN,Sec Red NCD 9.03% Sr. II,28/08/2021, , ,23/08/2021,23/08/2021,27/08/2021,INTEREST PAYMENT         
MI,SRTRANSFIN,Sec Red NCD 9.03% Sr. II,28/09/2021, , ,21/09/2021,21/09/2021,27/09/2021,INTEREST PAYMENT         
MO,SRTRANSFIN,Sec Red NCD 9.12% Sr. I,15/08/2021, , ,12/08/2021, , ,INTEREST PAYMENT         
MP,SRTRANSFIN,Sec Red NCD 9.30% Sr. II,15/08/2021, , ,12/08/2021, , ,INTEREST PAYMENT         
MV,SRTRANSFIN,Shriram Transport Finance,15/08/2021, , ,12/08/2021, , ,INTEREST PAYMENT         
MW,SRTRANSFIN,Shriram Transport Finance,15/08/2021, , ,12/08/2021, , ,INTEREST PAYMENT         
N3,DHANILOANS,Dhani Loans & Serv Ltd,24/07/2021, , ,22/07/2021, , ,INTEREST PAYMENT         
N3,TATACAPHSG,Sec Red NCD 7.92% Sr.II,29/07/2021, , ,28/07/2021, , ,INTEREST PAYMENT         
N4,TATACAPHSG,Sec Red NCD 8.01% Sr.II,29/07/2021, , ,28/07/2021, , ,INTEREST PAYMENT         
N4,IIFL,Sec Red NCD 9.75 % Sr.III,23/08/2021, , ,20/08/2021, , ,INTEREST PAYMENT         
N5,EHFLNCD,Sec Red NCD 9.57% Sr. V,26/07/2021, , ,23/07/2021, , ,INTEREST PAYMENT         
N6,DHANILOANS,Dhani Loans & Serv Ltd,24/07/2021, , ,22/07/2021, , ,INTEREST PAYMENT         
N6,IIFL,Unsec Red NCD 10.0% Sr. V,23/08/2021, , ,20/08/2021, , ,INTEREST PAYMENT         
N7,TATACAPHSG,Sec Red NCD 8.01% Sr.IV,29/07/2021, , ,28/07/2021, , ,INTEREST PAYMENT         
N7,IBUCCREDIT,SeReNCD8.66%SrIVCIII&IV,10/08/2021, , ,09/08/2021, , ,INTEREST PAYMENT         
N8,TATACAPHSG,Sec Red NCD 8.10% Sr.IV,29/07/2021, , ,28/07/2021, , ,INTEREST PAYMENT         
N8,IBULHSGFIN,Sec Red NCD 8.65% Sr. V,17/08/2021, , ,13/08/2021, , ,INTEREST PAYMENT         
NA,IBUCCREDIT,SeReNCD8.75%SrVICI&II,10/08/2021, , ,09/08/2021, , ,INTEREST PAYMENT         
NB,IBUCCREDIT,SeReNCD8.84%SrVICIII&IV,10/08/2021, , ,09/08/2021, , ,INTEREST PAYMENT         
NC,IIFL,Unsec Red NCD 10.00% Sr.V,16/08/2021, , ,12/08/2021, , ,INTEREST PAYMENT         
NC,IBULHSGFIN,Uns Red NCD 8.79% Sr.VIII,17/08/2021, , ,13/08/2021, , ,INTEREST PAYMENT         
ND,L&TFINANCE,L&T Finance Limited,29/07/2021, , ,28/07/2021, , ,INTEREST PAYMENT         
NE,L&TFINANCE,L&T Finance Limited,29/07/2021, , ,28/07/2021, , ,INTEREST PAYMENT         
NF,IIFL,IIFL Finance Limited,16/08/2021, , ,12/08/2021, , ,INTEREST PAYMENT         
NH,L&TFINANCE,L&T Finance Limited,29/07/2021, , ,28/07/2021, , ,INTEREST PAYMENT         
NI,L&TFINANCE,L&T Finance Limited,29/07/2021, , ,28/07/2021, , ,INTEREST PAYMENT         
NP,L&TFINANCE,Se Re NCD 8.48% Sr.IV OpI,02/08/2021, , ,30/07/2021, , ,INTEREST PAYMENT         
NQ,L&TFINANCE,SeReNCD 8.66% Sr.IV OpII,02/08/2021, , ,30/07/2021, , ,INTEREST PAYMENT         
NV,L&TFINANCE,SeReNCD 8.52% Sr.VII OpI,02/08/2021, , ,30/07/2021, , ,INTEREST PAYMENT         
NW,L&TFINANCE,SeReNCD 8.70% Sr.VII OpII,02/08/2021, , ,30/07/2021, , ,INTEREST PAYMENT         
SM,THEJO,Thejo Engineering Limited, ,24/08/2021,30/08/2021,20/08/2021, , ,DIV - RS 6 PER SH        
SM,SILVERTUC,Silver Touch Techno Ltd,30/07/2021, , ,29/07/2021, , ,DIV - RS 0.50 PER SH     
SQ,SILVERTUC,Silver Touch Techno Ltd,30/07/2021, , ,29/07/2021, , ,DIV - RS 0.50 PER SH     
SQ,THEJO,Thejo Engineering Limited, ,24/08/2021,30/08/2021,20/08/2021, , ,DIV - RS 6 PER SH        
ST,SILVERTUC,Silver Touch Techno Ltd,30/07/2021, , ,29/07/2021, , ,DIV - RS 0.50 PER SH     
ST,THEJO,Thejo Engineering Limited, ,24/08/2021,30/08/2021,20/08/2021, , ,DIV - RS 6 PER SH        
U3,TATACAPHSG,Sec Red NCD 7.92% Sr.II,29/07/2021, , ,28/07/2021, , ,INTEREST PAYMENT         
U3,DHANILOANS,Dhani Loans & Serv Ltd,24/07/2021, , ,22/07/2021, , ,INTEREST PAYMENT         
U4,IIFL,Sec Red NCD 9.75 % Sr.III,23/08/2021, , ,20/08/2021, , ,INTEREST PAYMENT         
U4,IIFL,Sec Red NCD 9.75 % Sr.III,21/09/2021, , , , , ,INTEREST PAYMENT         
U4,TATACAPHSG,Sec Red NCD 8.01% Sr.II,29/07/2021, , ,28/07/2021, , ,INTEREST PAYMENT         
U5,EHFLNCD,Sec Red NCD 9.57% Sr. V,26/07/2021, , ,23/07/2021, , ,INTEREST PAYMENT         
U6,IIFL,Unsec Red NCD 10.0% Sr. V,23/08/2021, , ,20/08/2021, , ,INTEREST PAYMENT         
U6,DHANILOANS,Dhani Loans & Serv Ltd,24/07/2021, , ,22/07/2021, , ,INTEREST PAYMENT         
U6,IIFL,Unsec Red NCD 10.0% Sr. V,21/09/2021, , , , , ,INTEREST PAYMENT         
U7,TATACAPHSG,Sec Red NCD 8.01% Sr.IV,29/07/2021, , ,28/07/2021, , ,INTEREST PAYMENT         
U7,IBUCCREDIT,SeReNCD8.66%SrIVCIII&IV,10/08/2021, , ,09/08/2021, , ,INTEREST PAYMENT         
U8,TATACAPHSG,Sec Red NCD 8.10% Sr.IV,29/07/2021, , ,28/07/2021, , ,INTEREST PAYMENT         
U8,IBULHSGFIN,Sec Red NCD 8.65% Sr. V,17/08/2021, , ,13/08/2021, , ,INTEREST PAYMENT         
U9,IIFL,Sec Red NCD 9.50 % Sr. II,15/09/2021, , , , , ,INTEREST PAYMENT         
UA,IBUCCREDIT,SeReNCD8.75%SrVICI&II,10/08/2021, , ,09/08/2021, , ,INTEREST PAYMENT         
UB,IBUCCREDIT,SeReNCD8.84%SrVICIII&IV,10/08/2021, , ,09/08/2021, , ,INTEREST PAYMENT         
UC,IIFL,Unsec Red NCD 10.00% Sr.V,15/09/2021, , , , , ,INTEREST PAYMENT         
UC,IIFL,Unsec Red NCD 10.00% Sr.V,16/08/2021, , ,12/08/2021, , ,INTEREST PAYMENT         
UC,IBULHSGFIN,Uns Red NCD 8.79% Sr.VIII,17/08/2021, , ,13/08/2021, , ,INTEREST PAYMENT         
UD,L&TFINANCE,L&T Finance Limited,29/07/2021, , ,28/07/2021, , ,INTEREST PAYMENT         
UE,L&TFINANCE,L&T Finance Limited,29/07/2021, , ,28/07/2021, , ,INTEREST PAYMENT         
UF,IIFL,IIFL Finance Limited,15/09/2021, , , , , ,INTEREST PAYMENT         
UF,IIFL,IIFL Finance Limited,16/08/2021, , ,12/08/2021, , ,INTEREST PAYMENT         
UH,L&TFINANCE,L&T Finance Limited,29/07/2021, , ,28/07/2021, , ,INTEREST PAYMENT         
UI,L&TFINANCE,L&T Finance Limited,29/07/2021, , ,28/07/2021, , ,INTEREST PAYMENT         
UP,L&TFINANCE,Se Re NCD 8.48% Sr.IV OpI,02/08/2021, , ,30/07/2021, , ,INTEREST PAYMENT         
UQ,L&TFINANCE,SeReNCD 8.66% Sr.IV OpII,02/08/2021, , ,30/07/2021, , ,INTEREST PAYMENT         
UV,L&TFINANCE,SeReNCD 8.52% Sr.VII OpI,02/08/2021, , ,30/07/2021, , ,INTEREST PAYMENT         
UW,L&TFINANCE,SeReNCD 8.70% Sr.VII OpII,02/08/2021, , ,30/07/2021, , ,INTEREST PAYMENT         
Y2,L&TFINANCE,L,09/08/2021, , ,06/08/2021, , ,INTEREST PAYMENT         
Y3,L&TFINANCE,L,09/08/2021, , ,06/08/2021, , ,INTEREST PAYMENT         
Y6,L&TFINANCE,L,09/08/2021, , ,06/08/2021, , ,INTEREST PAYMENT         
Y7,L&TFINANCE,L,09/08/2021, , ,06/08/2021, , ,INTEREST PAYMENT         
YH,SRTRANSFIN,Sec Red NCD 8.93% Sr. I,28/07/2021, , ,27/07/2021, , ,INTEREST PAYMENT         
YH,SRTRANSFIN,Sec Red NCD 8.93% Sr. I,28/08/2021, , ,26/08/2021, , ,INTEREST PAYMENT         
YI,SRTRANSFIN,Sec Red NCD 9.03% Sr. II,28/07/2021, , ,27/07/2021, , ,INTEREST PAYMENT         
YI,SRTRANSFIN,Sec Red NCD 9.03% Sr. II,28/08/2021, , ,26/08/2021, , ,INTEREST PAYMENT         
YO,SRTRANSFIN,Sec Red NCD 9.12% Sr. I,15/08/2021, , ,12/08/2021, , ,INTEREST PAYMENT         
YP,SRTRANSFIN,Sec Red NCD 9.30% Sr. II,15/08/2021, , ,12/08/2021, , ,INTEREST PAYMENT         
YV,SRTRANSFIN,Shriram Transport Finance,15/08/2021, , ,12/08/2021, , ,INTEREST PAYMENT         
YW,SRTRANSFIN,Shriram Transport Finance,15/08/2021, , ,12/08/2021, , ,INTEREST PAYMENT         
Z3,SRTRANSFIN,Sec Red NCD 9.12% Sr.I,15/08/2021, , ,12/08/2021, , ,INTEREST PAYMENT         
Z4,SRTRANSFIN,Sec Red NCD 9.22% Sr.II,15/08/2021, , ,12/08/2021, , ,INTEREST PAYMENT         
Z5,SRTRANSFIN,Sec Red NCD 9.31% Sr.III,15/08/2021, , ,12/08/2021, , ,INTEREST PAYMENT         
Z6,SRTRANSFIN,Sec Red NCD 9.3 Sr.IV,07/08/2021, , ,05/08/2021, , ,INTEREST PAYMENT         
Z7,SRTRANSFIN,Sec Red NCD 9.5% Sr.V,07/08/2021, , ,05/08/2021, , ,INTEREST PAYMENT         
Z8,SRTRANSFIN,Sec Red NCD 9.6% Sr.VI,07/08/2021, , ,05/08/2021, , ,INTEREST PAYMENT         
Z9,SRTRANSFIN,Sec Red NCD 9.7% Sr.VII,07/08/2021, , ,05/08/2021, , ,INTEREST PAYMENT         
ZD,SRTRANSFIN,Sec Red NCD 8.52% Sr.I,15/08/2021, , ,12/08/2021, , ,INTEREST PAYMENT         
ZE,SRTRANSFIN,Sec Red NCD 8.66% Sr.II,15/08/2021, , ,12/08/2021, , ,INTEREST PAYMENT         
ZF,SRTRANSFIN,Sec Red NCD 8.75% Sr.III,15/08/2021, , ,12/08/2021, , ,INTEREST PAYMENT         

