SYMBOL,SERIES,SECURITY,HIGH/LOW,INDEX FLAG
63MOONS,EQ,63 MOONS TECHNOLOGIES LTD,H
AAKASH,EQ,AAKASH EXPLORATION SER L,H
AARON,EQ,AARON INDUSTRIES LIMITED,H
ABAN,EQ,ABAN OFFSHORE LTD.,H
ABINFRA,SM,A B INFRABUILD LIMITED,H
ABMINTLTD,EQ,ABM INTERNATIONAL LTD,H
AJOONI,EQ,AJOONI BIOTECH LIMITED,H
AKSHOPTFBR,BE,AKSH OPTIFIBRE  LTD,H
ALPSINDUS,BE,ALPS INDUSTRIES LTD.,H
AMBICAAGAR,EQ,AMBICA AGAR & AROMAINDLTD,H
ANKITMETAL,BE,ANKIT MET & POW LTD,H
APOLLOPIPE,EQ,APOLLO PIPES LIMITED,H
ARENTERP,EQ,RAJDARSHAN INDUSTRIES LTD,H
ASAL,BE,AUTOMOTIVE STAMPINGS & AS,H
ATLANTA,BE,ATLANTA LIMITED,H
AUTOIND,EQ,AUTOLINE INDUSTRIES LTD,H
BAGFILMS,EQ,B.A.G FILMS AND MEDIA LTD,H
BALKRISHNA,EQ,BALKRISHNA PAPER MILLS L,H
BALLARPUR,BZ,BALLARPUR INDUSTRIES LTD,H
BARTRONICS,BZ,BARTRONICS INDIA LIMITED,H
BASML,EQ,BANNARI AM SPIN MILL LTD.,H
BCG,BE,BRIGHTCOM GROUP LIMITED,H
BKMINDST,BE,BKM INDUSTRIES LIMITED,H
BLBLIMITED,EQ,BLB LIMITED,H
BLUECHIP,BE,BLUE CHIP INDIA LIMITED,H
BLUECOAST,EQ,BLUE COAST HOTELS LIMITED,H
BPL,EQ,BPL LTD,H
BSHSL,EQ,BOMBAY SUPER HYBRID SEEDS,H
BURNPUR,BE,BURNPUR CEMENT LTD.,H
CALSOFT,BE,CALIFORNIA SOFTWARE CO LT,H
CANDC,BZ,C&C CONST. LTD,H
CCHHL,BE,COUNTRY CLUB HOSP HOL LTD,H
CELEBRITY,EQ,CELEBRITY FASHIONS LTD,H
CTE,EQ,CAMBRIDGE TECH ENTER LTD,H
CYBERMEDIA,BE,CYBER MEDIA (INDIA) LTD.,H
DELTAMAGNT,EQ,DELTA MANUFACTURING LTD,H
DHANI,EQ,DHANI SERVICES LIMITED,H
DIGISPICE,BE,DIGISPICE TECHNOLOGIES LT,H
DSML,SM,DEBOCK SALE MARKETING LTD,H
E2E,SM,E2E NETWORKS LIMITED,H
EASUNREYRL,BZ,EASUN REYROLLE LTD,H
EC2RG,MF,SUNDARMAMC - EC2RG,H
EDUCOMP,BZ,EDUCOMP SOLUTIONS LTD,H
EMCO,BZ,EMCO LIMITED,H
EMKAYTOOLS,SM,EMKAY TAP & CUT. TOOL LTD,H
EUROTEXIND,EQ,EUROTEX INDUSTRIES LTD,H
FCSSOFT,BE,FCS SOFTWARE SOLN. LTD.,H
FILDF2GP,MF,FRANTEMAMC - FILDF2GP,H
GAL,EQ,GYSCOAL ALLOYS LTD,H
GFSTEELS,EQ,GRAND FOUNDRY LTD,H
GLOBUSSPR,BE,GLOBUS SPIRITS LTD,H
GOENKA,BZ,GOENKA DIAMOND&JEWELS LTD,H
GOLDTECH,EQ,GOLDSTONE TECHNOLOGIES LT,H
GOODLUCK,EQ,GOODLUCK INDIA LIMITED,H
GPIL,BE,GODAWARI POW & ISP LTD,H
GREENPOWER,EQ,ORIENT GREEN POWER CO LTD,H
GTL,BE,GTL LTD,H
GTLINFRA,BE,GTL INFRA.LTD,H
GULPOLY,BE,GULSHAN POLYOLS LIMITED,H
HEXATRADEX,EQ,HEXA TRADEX LIMITED,H
HILTON,EQ,HILTON METAL FORGING LTD,H
HINDCON,EQ,HINDCON CHEMICALS LIMITED,H
HOTELRUGBY,BE,HOTEL RUGBY LTD,H
HOVS,EQ,HOV SERVICES LTD,H
HUBTOWN,EQ,HUBTOWN LIMITED,H
ICDSLTD,BE,ICDSLTD,H
IIFL,BE,IIFL FINANCE LIMITED,H
IL&FSENGG,BZ,IL&FS ENG AND CONS CO LTD,H
IL&FSTRANS,BZ,IL&FS TRANS NET LTD,H
IMAGICAA,EQ,IMAGICAAWORLD ENT LTD,H
INDOSOLAR,BZ,INDOSOLAR LIMITED,H
INFOMEDIA,EQ,INFOMEDIA PRESS LIMITED,H
INNOVATIVE,SM,INNOVATIVE TYRES & TUBES,H
INTENTECH,EQ,INTENSE TECHNOLOGIES LTD,H
ISMTLTD,BE,ISMT LIMITED,H
IVC,EQ,IL&FS INVESTMENT MANAGERS,H
JALAN,SM,JALAN TRANSOLU. INDIA LTD,H
JETAIRWAYS,BZ,JET AIRWAYS (INDIA) LTD.,H
JITFINFRA,BE,JITF INFRALOGISTICS LTD,H
JOCIL,EQ,JOCIL LIMITED,H
JYOTISTRUC,BZ,JYOTI STRUCTURES LTD,H
KANANIIND,BE,KANANI INDUSTRIES LTD,H
KARMAENG,EQ,KARMA ENERGY LIMITED,H
KAUSHALYA,EQ,KAUSHALYA INFRA DEV LTD.,H
KAVVERITEL,EQ,KAVVERI TEL. LTD.,H
KHANDSE,EQ,KHANDWALA SECURITIES LTD,H
KILITCH,EQ,KILITCH DRUGS INDIA LTD,H
KUANTUM,EQ,KUANTUM PAPERS LIMITED,H
LAGNAM,SM,LAGNAM SPINTEX LIMITED,H
LAKPRE,BZ,LAKSHMI PRE SCRE LTD,H
LAXMICOT,SM,LAXMI COTSPIN LIMITED,H
LICNETFN50,EQ,LICNAMC - LICNFENGP,H
LPDC,BE,LANDMARK PR.DEV.CO.LTD,H
LYPSAGEMS,EQ,LYPSA GEMS & JEWEL LTD,H
MAGMA,BE,MAGMA FINCORP LIMITED,H
MANAV,SM,MANAV INFRA PROJECTS LTD,H
MASKINVEST,BE,MASK INVESTMENTS LIMITED,H
MDL,SM,MARVEL DECOR LIMITED,H
MELSTAR,BZ,MELSTAR INFORMATION TECH,H
MERCATOR,BE,MERCATOR LIMITED,H
MINDTECK,EQ,MINDTECK (INDIA) LIMITED,H
MITCON,SM,MITCON CON & ENG SERV LTD,H
MOTOGENFIN,EQ,MOTOR & GENERAL FINANCE L,H
NAHARINDUS,BE,NAHAR INDS ENT LTD,H
NETF,EQ,TATAAML - NETF,H
NILASPACES,BE,NILA SPACES LIMITED,H
NITINFIRE,BZ,NITIN FIRE PROT IND. LTD.,H
NKIND,EQ,NK INDUSTRIES LTD,H
NOIDATOLL,EQ,NOIDA TOLL BRIDGE CO LTD,H
NTL,EQ,NEUEON TOWERS LIMITED,H
OMKARCHEM,EQ,OMKAR SPL CHEM LTD,H
ONWARDTEC,EQ,ONWARD TECHNOLOGIES LTD,H
PARSVNATH,EQ,PARSVNATH DEVELOPER LTD,H
PATSPINLTD,EQ,PATSPIN INDIA LTD,H
PERFECT,SM,PERFECT INFRAENGINEER LTD,H
PFOCUS,EQ,PRIME FOCUS LIMITED,H
PIGL,SM,POWER INSTRUMENT (G) LTD,H
PRAENG,BE,PRAJAY ENG. SYN. LTD.,H
PRAKASHSTL,BE,PRAKASH STEELAGE LTD,H
PREMEXPLN,BE,PREMIER EXPLOSIVES LTD,H
PRIMESECU,EQ,PRIME SECURITIES LIMITED,H
PROINDIA,BE,PROSEED INDIA LTD,H
PROLIFE,SM,PROLIFE INDUSTRIES LTD,H
PVP,BE,PVP VENTURES LIMITED,H
RADAAN,BE,RADAAN MEDIAWORKS (I) LTD,H
RAJRATAN,BE,RAJRATAN GLOBAL WIRE LTD,H
RAJRAYON,BZ,RAJ RAYON INDUSTRIES LTD,H
RAMASTEEL,BE,RAMA STEEL TUBES LIMITED,H
RELIABLE,SM,RELIABLE DATA SERVICE LTD,H
RKDL,EQ,RAVI KUMAR DIST. LTD.,H
ROLLT,EQ,ROLLATAINERS LIMITED,H
RTNINDIA,BE,RATTANINDIA ENT LIMITED,H
SABEVENTS,BE,SAB EVENTS & GOVERNANCE,H
SAGARDEEP,BE,SAGARDEEP ALLOYS LIMITED,H
SALSTEEL,BE,S.A.L. STEEL LTD.,H
SAMBHAAV,BE,SAMBHAAV MEDIA LTD,H
SANGINITA,EQ,SANGINITA CHEMICALS LTD,H
SANWARIA,BZ,SANWARIA CONSUMER LIMITED,H
SARDAEN,BE,SARDA ENERGY & MIN LTD,H
SASTASUNDR,BE,SASTASUNDAR VENTURES LTD,H
SDBL,EQ,SOM DIST & BREW LTD,H
SECURCRED,SM,SECUR CREDENTIALS LIMITED,H
SEPOWER,EQ,S.E. POWER LIMITED,H
SHARDAMOTR,BE,SHARDA MOTOR INDS LTD,H
SHREERAMA,EQ,SHREE RAMA MULTI TECH LTD,H
SHREYAS,EQ,SHREYAS SHIPPING & LOGIST,H
SHUBHLAXMI,SM,SHUBHLAXMI JEWEL ART LTD,H
SIGIND,EQ,SIGNET INDUSTRIES LIMITED,H
SIGMA,SM,SIGMA SOLVE LIMITED,H
SIL,BE,STANDARD INDUSTRIES LTD.,H
SITINET,EQ,SITI NETWORKS LIMITED,H
SKIL,EQ,SKIL INFRASTRUCTURE LTD.,H
SOMATEX,EQ,SOMA TEXTILES & INDUST LT,H
SPENTEX,BZ,SPENTEX IND. LTD,H
SREIBNPNCD,Y3,SEC RED NCD SR. VIII,H
SUBCAPCITY,BE,INTERNATIONAL CONST LTD,H
SUPERSPIN,BE,SUPER SPINNING MILLS LTD,H
TAINWALCHM,EQ,TAINWALA CHEMICAL AND PLA,H
TANTIACONS,BZ,TANTIA CONST LTD,H
TECHIN,EQ,TECHINDIA NIRMAN LIMITED,H
TEJASNET,BE,TEJAS NETWORKS LIMITED,H
TEXMOPIPES,EQ,TEXMO PIPE & PRODUCTS LTD,H
TFL,EQ,TRANSWARRANTY FIN. LTD.,H
TIRUPATIFL,BE,TIRUPATI FORGE LIMITED,H
TMRVL,EQ,THE MANDHANA RET VENT LTD,H
TNTELE,BE,TAMILNADU TELECOMMUNICATI,H
TREEHOUSE,BE,TREE HOUSE EDU LTD,H
TVVISION,EQ,TV VISION LIMITED,H
UNIINFO,SM,UNIINFOTELECOMSERVILTD,H
UNITEDTEA,EQ,UNITED NILGIRI TEA LTD,H
URJAPP,X1,URJA RS.0.25 PPD UP,H
UTTAMSTL,EQ,UTTAM GALVA STEELS LTD,H
VARDMNPOLY,EQ,VARDHMAN POLYTEX LTD.,H
VIJIFIN,BE,VIJI FINANCE LIMITED,H
VIKASECO,EQ,VIKAS ECOTECH LIMITED,H
VIKASLIFE,EQ,VIKAS LIFECARE LIMITED,H
VIKASWSP,EQ,VIKAS WSP LIMITED,H
VIPCLOTHNG,EQ,VIP CLOTHING LIMITED,H
VIPULLTD,EQ,VIPUL LIMITED,H
VISASTEEL,EQ,VISA STEEL LIMITED,H
VISHNU,EQ,VISHNU CHEMICALS LIMITED,H
WEIZMANIND,EQ,WEIZMANN LTD,H
WILLAMAGOR,EQ,WILLIAMSON MAGOR,H
XPROINDIA,EQ,XPRO INDIA LIMITED,H
ZEEMEDIA,EQ,ZEE MEDIA CORPORATION LTD,H
ZODIAC,SM,ZODIAC ENERGY LIMITED,H
21STCENMGM,EQ,21ST CENTURY MGMT SERVICE,L
3PLAND,BE,3P LAND HOLDINGS LIMITED,L
AARVEEDEN,EQ,AARVEE DEN. & EXP. LTD,L
ABINFRA,SM,A B INFRABUILD LIMITED,L
ADROITINFO,BE,ADROIT INFOTECH LIMITED,L
AGROPHOS,EQ,AGRO PHOS INDIA LIMITED,L
AILIMITED,SM,ABHISHEK INTEGRATIONS LTD,L
AKSHOPTFBR,BE,AKSH OPTIFIBRE  LTD,L
ALPSINDUS,BE,ALPS INDUSTRIES LTD.,L
ANDHRACEMT,BE,ANDHRA CEMENTS LIMITED,L
ANKITMETAL,BE,ANKIT MET & POW LTD,L
ANSALAPI,EQ,ANSAL PROP & INFRA LTD,L
ANSALHSG,EQ,ANSAL HOUSING LIMITED,L
ARCHIES,BE,ARCHIES LTD,L
ARENTERP,EQ,RAJDARSHAN INDUSTRIES LTD,L
ARTEMISMED,EQ,ARTEMIS MED SERVICE LTD,L
ATLANTA,BE,ATLANTA LIMITED,L
BAJAJHIND,BE,BAJAJ HINDUSTHAN SUGAR LT,L
BALLARPUR,BZ,BALLARPUR INDUSTRIES LTD,L
BANG,BE,BANG OVERSEAS LTD.,L
BCP,EQ,B.C. POWER CONTROLS LTD,L
BRFL,BE,BOMBAY RAYON FASHIONS LTD,L
BRIGHT,SM,BRIGHT SOLAR LIMITED,L
BURNPUR,BE,BURNPUR CEMENT LTD.,L
CANDC,BZ,C&C CONST. LTD,L
CDSL,BE,CENTRAL DEPO SER (I) LTD,L
CINEVISTA,BE,CINEVISTA LIMITED,L
CLEDUCATE,EQ,CL EDUCATE LIMITED,L
COMPUSOFT,EQ,COMPUCOM SOFTWARE LTD,L
COX&KINGS,BZ,COX & KINGS LIMITED,L
DBREALTY,EQ,D B REALTY LIMITED,L
DGCONTENT,BE,DIGICONTENT LIMITED,L
DHARSUGAR,BE,DHARANISUGARS &CHEMICALS,L
DIAPOWER,BZ,DIAMOND POWER INFRA LTD,L
EASTSILK,EQ,EASTERN SILK INDUSTRIES L,L
EDUCOMP,BZ,EDUCOMP SOLUTIONS LTD,L
EIFFL,SM,EURO (I) FRESH FOODS LTD,L
EMCO,BZ,EMCO LIMITED,L
FCSSOFT,BE,FCS SOFTWARE SOLN. LTD.,L
FILDF2GPD,MF,FRANTEMAMC - FILDF2GPD,L
FOCUS,SM,FOCUS LIGHTG & FIXTRS LTD,L
GAMMNINFRA,BE,GAMMON INFRA PROJ LTD.,L
GANESHHOUC,EQ,GANESH HOUSING CORP LTD,L
GENUSPAPER,BE,GENUS P&B LIMITED,L
GODHA,BE,GODHA CABCON INSULAT LTD,L
GOENKA,BZ,GOENKA DIAMOND&JEWELS LTD,L
GREENPANEL,BE,GREENPANEL INDUSTRIES LTD,L
GREENPOWER,EQ,ORIENT GREEN POWER CO LTD,L
GUJRAFFIA,BE,GUJARAT RAFFIA INDUST LTD,L
HAVISHA,BE,SRI HAVISHA HOSP & INFR L,L
HBSL,EQ,HB STOCKHOLDINGS LIMITED,L
HCC,EQ,HINDUSTAN CONSTRUCTION CO,L
HEXATRADEX,EQ,HEXA TRADEX LIMITED,L
HFCL,BE,HFCL LIMITED,L
IL&FSENGG,BZ,IL&FS ENG AND CONS CO LTD,L
INCREDIBLE,BE,INCREDIBLE INDUSTRIES LTD,L
INDLMETER,EQ,IMP POWERS LTD,L
INDORAMA,BE,INDO RAMA SYNTHETICS LTD,L
INDOWIND,BE,INDOWIND ENERGY LTD,L
INSPIRISYS,BE,INSPIRISYS SOLUTIONS LTD,L
IWEL,BE,INOX WIND ENERGY LIMITED,L
JBFIND,BE,JBF INDUS LTD -DEP-LS ML,L
JIYAECO,BE,JIYA ECO-PRODUCTS LTD,L
JPASSOCIAT,BE,JAIPRAKASH ASSOCIATES LTD,L
JPINFRATEC,EQ,JAYPEE INFRATECH LTD,L
JPPOWER,EQ,JAIPRAKASH POWER VEN. LTD,L
JUMPNET,EQ,JUMP NETWORKS LIMITED,L
KANANIIND,BE,KANANI INDUSTRIES LTD,L
KILITCH,EQ,KILITCH DRUGS INDIA LTD,L
KIRLOSBROS,BE,KIRLOSKAR BROTHERS LTD,L
KSOLVES,SM,KSOLVES INDIA LIMITED,L
LAKPRE,BZ,LAKSHMI PRE SCRE LTD,L
LCCINFOTEC,EQ,LCC INFOTECH LTD,L
LGBFORGE,BE,LGB FORGE LIMITED,L
LSIL,BE,LLOYDS STEELS IND. LTD.,L
MACPOWER,EQ,MACPOWER CNC MACHINES LTD,L
MADHUCON,EQ,MADHUCON PROJECTS LTD.,L
MARALOVER,EQ,MARAL OVERSEAS LTD,L
MARSHALL,SM,MARSHALL MACHINES LTD,L
MBECL,BE,MCNALLY BH. ENG. CO.LTD,L
MCLEODRUSS,EQ,MCLEOD RUSSEL INDIA LTD.,L
MEGASOFT,BE,MEGASOFT LTD,L
MELSTAR,BZ,MELSTAR INFORMATION TECH,L
METALFORGE,BZ,METALYST FORGINGS LIMITED,L
MOHITIND,BE,MOHIT INDUSTRIES LTD,L
NAGAFERT,BE,NAGARJUN FERT AND CHE LTD,L
NDL,EQ,NANDAN DENIM LIMITED,L
NEWGEN,BE,NEWGEN SOFTWARE TECH LTD,L
NILASPACES,BE,NILA SPACES LIMITED,L
OILCOUNTUB,BE,OIL COUNTRY TUBULAR LTD.,L
ONEPOINT,BE,ONE POINT ONE SOL LTD,L
ORCHPHARMA,BE,ORCHID PHARMA LIMITED,L
ORTEL,BZ,ORTEL COMMUNICATIONS LTD,L
PANACHE,BE,PANACHE DIGILIFE LIMITED,L
PARACABLES,BE,PARAMOUNT COMM LTD,L
PBAINFRA,BE,PBA INFRASTRUCTURE LTD.,L
PENINLAND,BE,PENINSULA LAND LIMITED,L
PRAKASHSTL,BE,PRAKASH STEELAGE LTD,L
PREMIER,EQ,PREMIER LIMITED,L
PRIMESECU,EQ,PRIME SECURITIES LIMITED,L
PULZ,SM,PULZ ELECTRONICS LIMITED,L
PUNJLLOYD,BZ,PUNJ LLOYD LIMITED,L
PVP,BE,PVP VENTURES LIMITED,L
RADAAN,BE,RADAAN MEDIAWORKS (I) LTD,L
RAJRAYON,BZ,RAJ RAYON INDUSTRIES LTD,L
RAJSREESUG,EQ,RAJSHREE SUGAR & CHEMICAL,L
RANASUG,BE,RANA SUGARS LTD.,L
RCOM,EQ,RELIANCE COMMUNICATIONS L,L
RELCAPITAL,EQ,RELIANCE CAPITAL LTD,L
RELINFRA,BE,RELIANCE INFRASTRUCTU LTD,L
RENUKA,BE,SHREE RENUKA SUGARS LTD,L
RHFL,BE,RELIANCE HOME FINANCE LTD,L
RMCL,BZ,RADHA MADHAV CO. LTD.,L
RMDRIP,SM,R M DRIP & SPRINK SYS LTD,L
RNAVAL,BZ,RELIANCE NAVAL & ENGG LTD,L
ROLTA,BE,ROLTA INDIA - DEP SETT,L
RPOWER,BE,RELIANCE POWER LTD.,L
RTNPOWER,BE,RATTANINDIA POWER LIMITED,L
SAKHTISUG,BE,SAKHTISUG SUGARS LTD,L
SAKUMA,BE,SAKUMA EXPORTS LIMITED,L
SAMBHAAV,BE,SAMBHAAV MEDIA LTD,L
SANCO,EQ,SANCO INDUSTRIES LIMITED,L
SANGAMIND,EQ,SANGAM (INDIA) LTD,L
SCAPDVR,EQ,STAMPEDE CAPITAL LIMITED,L
SECURCRED,SM,SECUR CREDENTIALS LIMITED,L
SEPOWER,EQ,S.E. POWER LIMITED,L
SERVOTECH,SM,SERVOTECH POWER SYS LTD.,L
SETUINFRA,BE,SETUBANDHAN INFRA LTD,L
SEYAIND,EQ,SEYA INDUSTRIES LIMITED,L
SHRENIK,EQ,SHRENIK LIMITED,L
SHYAMCENT,EQ,SHYAM CENTURY FERROUS LTD,L
SIMBHALS,BE,SIMBHAOLI SUGARS LTD.,L
SITINET,EQ,SITI NETWORKS LIMITED,L
SOLEX,SM,SOLEX ENERGY LIMITED,L
SREINFRA,BE,SREI INFRASTRUCTURE FINAN,L
SRPL,BE,SHREE RAM PROTEINS LTD.,L
SUMEETINDS,BE,SUMEET IND LIMITED,L
SUNDARAM,BE,SUNDARAM MULTI PAP LTD,L
SUPERSPIN,BE,SUPER SPINNING MILLS LTD,L
SURANASOL,EQ,SURANA SOLAR LIMITED,L
SURANI,SM,SURANI STEEL TUBES LTD.,L
SURYALAXMI,BE,SURYALAKSHMI COT MIL LTD,L
SUZLON,EQ,SUZLON ENERGY LIMITED,L
TANLA,BE,TANLA PLATFORMS LIMITED,L
TANTIACONS,BZ,TANTIA CONST LTD,L
TARAPUR,EQ,TARAPUR TRANSFORMERS LTD,L
TECHIN,EQ,TECHINDIA NIRMAN LIMITED,L
TFL,EQ,TRANSWARRANTY FIN. LTD.,L
THOMASCOTT,BE,THOMAS SCOTT (INDIA) LTD,L
TIDEWATER,BE,TIDE WATER OIL LTD,L
TIJARIA,BE,TIJARIA POLYPIPES LTD,L
TRANSWIND,SM,TRANSWIND INFRA LIMITED,L
TREJHARA,EQ,TREJHARA SOLUTIONS LTD,L
TRIGYN,EQ,TRIGYN TECHNOLOGIES LTD,L
TTML,BE,TATA TELESERV(MAHARASTRA),L
TVVISION,EQ,TV VISION LIMITED,L
UJAAS,EQ,UJAAS ENERGY LIMITED,L
UNITECH,BZ,UNITECH LIMITED,L
UTTAMSTL,EQ,UTTAM GALVA STEELS LTD,L
VASWANI,EQ,VASWANI IND LTD,L
VICEROY,BZ,VICEROY HOTELS LIMITED,L
VIJIFIN,BE,VIJI FINANCE LIMITED,L
VIKASLIFE,EQ,VIKAS LIFECARE LIMITED,L
VIPCLOTHNG,EQ,VIP CLOTHING LIMITED,L
VISHNU,EQ,VISHNU CHEMICALS LIMITED,L
VIVIDHA,EQ,VISAGAR POLYTEX LTD,L
WALPAR,ST,WALPAR NUTRITIONS LIMITED,L
WEALTH,BE,WEALTH FRST PORT. MG. LTD,L
WEWIN,SM,WE WIN LIMITED,L
WFL,SM,WONDER FIBROMATS LIMITED,L
WIPL,BE,THE WESTERN INDIA PLY LTD,L
YAARII,BE,YAARII DIG INTEGR SER LTD,L
