GAIN_LOSS,SECURITY,CLOSE_PRIC,PREV_CL_PR,PERCENT_CG
 ,Nifty 50 Sec., , , 
 , , , , 
G,ICICI BANK LTD.,       676.65,       655.95,3.16
G,ITC LTD,       212.40,       207.00,2.61
G,WIPRO LTD,       599.15,       584.20,2.56
G,SBI LIFE INSURANCE CO LTD,      1050.45,      1026.00,2.38
G,STATE BANK OF INDIA,       428.90,       422.05,1.62
G,HCL TECHNOLOGIES LTD,       994.00,       978.60,1.57
G,AXIS BANK LIMITED,       755.40,       746.75,1.16
G,BAJAJ FINSERV LTD.,     13201.20,     13064.60,1.05
G,SUN PHARMACEUTICAL IND L,       694.00,       687.30,.97
G,KOTAK MAHINDRA BANK LTD,      1722.95,      1707.20,.92
G,NESTLE INDIA LIMITED,     18143.95,     17994.80,.83
G,MAHINDRA & MAHINDRA LTD,       764.20,       758.45,.76
G,DR. REDDY'S LABORATORIES,      5422.15,      5384.50,.7
G,TATA STEEL LIMITED,      1281.40,      1273.00,.66
G,HDFC LIFE INS CO LTD,       665.35,       662.10,.49
G,BRITANNIA INDUSTRIES LTD,      3439.80,      3425.30,.42
G,ULTRATECH CEMENT LIMITED,      7490.30,      7459.00,.42
G,BHARTI AIRTEL LIMITED,       548.30,       546.70,.29
G,JSW STEEL LIMITED,       717.55,       716.55,.14
G,BHARAT PETROLEUM CORP  LT,       461.35,       460.90,.1
G,INFOSYS LIMITED,      1590.45,      1590.20,.02
 , , , , 
L,TATA MOTORS LIMITED,       295.55,       302.55,-2.31
L,GRASIM INDUSTRIES LTD,      1549.50,      1582.05,-2.06
L,LARSEN & TOUBRO LTD.,      1611.75,      1642.15,-1.85
L,ADANI PORT & SEZ LTD,       680.05,       691.80,-1.7
L,TECH MAHINDRA LIMITED,      1131.00,      1148.60,-1.53
L,UPL LIMITED,       819.70,       828.00,-1
L,GAIL (INDIA) LTD,       142.40,       143.80,-0.97
L,HINDUSTAN UNILEVER LTD.,      2358.10,      2378.15,-0.84
L,ASIAN PAINTS LIMITED,      3083.75,      3106.75,-0.74
L,RELIANCE INDUSTRIES LTD,      2105.70,      2120.70,-0.71
L,INDIAN OIL CORP LTD,       106.00,       106.70,-0.66
L,NTPC LTD,       118.50,       119.20,-0.59
L,HINDALCO  INDUSTRIES  LTD,       391.75,       393.50,-0.44
L,COAL INDIA LTD,       144.10,       144.70,-0.41
L,HDFC BANK LTD,      1442.75,      1448.70,-0.41
L,EICHER MOTORS LTD,      2549.65,      2560.10,-0.41
L,DIVI'S LABORATORIES LTD,      4824.75,      4843.25,-0.38
L,SHREE CEMENT LIMITED,     27986.40,     28080.00,-0.33
L,HDFC LTD,      2482.50,      2490.30,-0.31
L,BAJAJ AUTO LIMITED,      3841.90,      3853.20,-0.29
L,INDUSIND BANK LIMITED,       989.30,       992.15,-0.29
L,BAJAJ FINANCE LIMITED,      6180.90,      6195.55,-0.24
L,CIPLA LTD,       948.00,       949.90,-0.2
L,OIL AND NATURAL GAS CORP.,       115.30,       115.50,-0.17
L,HERO MOTOCORP LIMITED,      2835.00,      2838.25,-0.11
L,TATA CONSULTANCY SERV LT,      3212.85,      3216.35,-0.11
L,POWER GRID CORP. LTD.,       233.00,       233.25,-0.11
L,MARUTI SUZUKI INDIA LTD.,      7293.85,      7299.55,-0.08
L,TITAN COMPANY LIMITED,      1700.95,      1701.75,-0.05
 , , , , 
 ,Nifty Next 50 Sec., , , 
 , , , , 
G,ACC LIMITED,      2337.55,      2290.25,2.07
G,INTERGLOBE AVIATION LTD,      1727.10,      1694.15,1.94
G,ABBOTT INDIA LIMITED,     17815.85,     17529.65,1.63
G,ICICI PRU LIFE INS CO LTD,       645.05,       635.40,1.52
G,SBI CARDS & PAY SER LTD,       956.90,       942.85,1.49
G,TATA CONSUMER PRODUCT LTD,       775.15,       764.20,1.43
G,UNITED SPIRITS LIMITED,       683.45,       674.65,1.3
G,DLF LIMITED,       334.15,       330.50,1.1
G,GODREJ CONSUMER PRODUCTS,       980.15,       969.65,1.08
G,UNITED BREWERIES LTD,      1444.45,      1429.80,1.02
G,TORRENT PHARMACEUTICALS L,      3043.20,      3013.55,0.98
G,PIRAMAL ENTERPRISES LTD,      2255.05,      2234.65,0.91
G,MARICO LIMITED,       533.95,       529.20,0.9
G,ALKEM LABORATORIES LTD.,      3394.70,      3368.15,0.79
G,AMBUJA CEMENTS LTD,       402.30,       400.20,0.52
G,HDFC AMC LIMITED,      2899.60,      2885.75,0.48
G,AVENUE SUPERMARTS LIMITED,      3413.20,      3397.35,0.47
G,HINDUSTAN ZINC LIMITED,       328.55,       327.05,0.46
G,HINDUSTAN PETROLEUM CORP,       277.40,       276.40,0.36
G,COLGATE PALMOLIVE LTD.,      1795.05,      1788.65,0.36
G,DABUR INDIA LTD,       590.15,       588.45,0.29
G,LUPIN LIMITED,      1181.20,      1179.45,0.15
G,PUNJAB NATIONAL BANK,        40.05,        40.00,0.13
G,BANDHAN BANK LIMITED,       305.05,       304.90,0.05
 , , , , 
L,ICICI LOMBARD GIC LIMITED,      1484.80,      1543.85,-3.82
L,MUTHOOT FINANCE LIMITED,      1567.05,      1604.65,-2.34
L,INFO EDGE (I) LTD,      5142.55,      5225.35,-1.58
L,BIOCON LIMITED.,       398.15,       403.00,-1.2
L,NMDC LTD.,       173.50,       175.60,-1.2
L,L&T INFOTECH LIMITED,      4361.20,      4406.15,-1.02
L,ORACLE FIN SERV SOFT LTD.,      4012.10,      4051.70,-0.98
L,AUROBINDO PHARMA LTD,       963.70,       972.10,-0.86
L,CADILA HEALTHCARE LIMITED,       615.25,       620.20,-0.8
L,BAJAJ HOLDINGS & INVS LTD,      3837.55,      3866.40,-0.75
L,CONTAINER CORP OF IND LTD,       663.50,       668.30,-0.72
L,HAVELLS INDIA LIMITED,      1143.75,      1151.30,-0.66
L,BOSCH LIMITED,     15055.35,     15137.30,-0.54
L,MOTHERSON SUMI SYSTEMS LT,       235.95,       237.15,-0.51
L,BANK OF BARODA,        79.85,        80.20,-0.44
L,GENERAL INS CORP OF INDIA,       173.75,       174.50,-0.43
L,POWER FIN CORP LTD.,       128.45,       128.85,-0.31
L,P&G HYGIENE & HEALTH CARE,     12798.95,     12836.60,-0.29
L,INDRAPRASTHA GAS LTD,       538.15,       539.50,-0.25
L,BERGER PAINTS (I) LTD,       854.25,       855.70,-0.17
L,PIDILITE INDUSTRIES LTD,      2306.60,      2310.40,-0.16
L,PETRONET LNG LIMITED,       219.65,       220.00,-0.16
L,SIEMENS LTD,      1975.10,      1976.25,-0.06
 , , , , 
 ,OTHER SECURITIES, , , 
 , , , , 
G,TAINWALA CHEMICAL AND PLA,       104.40,        87.00,20
G,SEC RED NCD SR. VIII,       414.00,       345.00,20
G,APOLLO PIPES LIMITED,      1160.60,       969.85,19.67
G,JOCIL LIMITED,       233.30,       195.65,19.24
G,ASIAN HOTELS (EAST) LTD,       208.25,       180.25,15.53
G,WENDT (INDIA) LIMITED,      4922.55,      4329.65,13.69
G,SCHAEFFLER INDIA LIMITED,      6569.65,      5810.75,13.06
G,UNS RED NCD SR. X,      1250.00,      1124.71,11.14
G,JSW ENERGY LIMITED,       240.75,       217.25,10.82
G,MAX VENTURES AND INDS LTD,        88.85,        80.25,10.72
G,UNITED NILGIRI TEA LTD,       378.80,       343.35,10.32
G,KUANTUM PAPERS LIMITED,        83.10,        75.50,10.07
G,AAKASH EXPLORATION SER L,       252.50,       229.55,10
G,LAXMI COTSPIN LIMITED,        28.10,        25.55,9.98
G,SUNDARMAMC - EC2RG,         9.71,         8.83,9.97
G,RAVI KUMAR DIST. LTD.,        18.85,        17.15,9.91
G,BPL LTD,        43.90,        39.95,9.89
G,BALAJI TELEFILMS LIMITED.,        73.00,        66.50,9.77
G,SIGNET INDUSTRIES LIMITED,        53.20,        48.50,9.69
G,BANARAS BEADS LTD,        84.85,        77.70,9.2
G,PREMIER POLYFILM LTD,        75.45,        69.25,8.95
G,STEEL EXCHANGE INDIA LTD,        73.80,        67.75,8.93
G,FRANTEMAMC - FILDF2GP,         1.22,         1.12,8.93
G,CSB BANK LIMITED,       351.20,       322.85,8.78
G,PRITI INTERNATIONAL LTD,       102.00,        94.00,8.51
G,KRISHANA PHOSCHEM LIMITED,       126.95,       117.00,8.5
G,APTECH LIMITED,       260.75,       241.00,8.2
G,HSIL LIMITED,       276.60,       255.70,8.17
G,APAR INDUSTRIES LTD.,       612.80,       566.60,8.15
G,MAHINDRA LIFESPACE DEVLTD,       720.80,       668.05,7.9
 , , , , 
L,7.35% TAX FREE TRI SRIIA,      1232.00,      1454.00,-15.27
L,SEC RED NCD 9.00% SR. VII,       301.14,       347.80,-13.42
L,FRANTEMAMC - FILDF2GPD,         1.63,         1.81,-9.94
L,ABHISHEK INTEGRATIONS LTD,        27.60,        30.60,-9.8
L,VODAFONE IDEA LIMITED,         8.35,         9.25,-9.73
L,TREJHARA SOLUTIONS LTD,        64.10,        70.70,-9.34
L,MADHAV COPPER LIMITED,        47.15,        51.45,-8.36
L,INFIBEAM AVENUES LIMITED,        45.00,        48.75,-7.69
L,THE SOUTH INDIAN BANK LTD,        11.30,        12.20,-7.38
L,SADBHAV INFRA PROJ LTD.,        30.60,        33.00,-7.27
L,CHENNAI PETROLEUM CORP LT,       123.50,       133.15,-7.25
L,STEEL CITY SECURITIES LTD,        77.05,        82.80,-6.94
L,DATAMATICS GLOBAL SER LTD,       296.55,       317.60,-6.63
L,HT MEDIA LIMITED,        31.65,        33.85,-6.5
L,ELGI RUBBER CO. LTD,        40.35,        43.15,-6.49
L,BSE LIMITED,      1164.85,      1245.50,-6.48
L,HISAR METAL IND. LIMITED,       152.65,       163.20,-6.46
L,FINEOTEX CHEMICAL LIMITED,       102.30,       109.10,-6.23
L,TERA SOFTWARE LIMITED,        74.85,        79.65,-6.03
L,AIRO LAM LIMITED,        37.15,        39.50,-5.95
L,VISAGAR POLYTEX LTD,          .80,          .85,-5.88
L,NECTAR LIFESCIENCES LTD.,        40.10,        42.55,-5.76
L,LASA SUPERGENERICS LTD,        81.50,        86.45,-5.73
L,ADVANI HOT.& RES.(I) LTD,        69.25,        73.30,-5.53
L,TOTAL TRANSPORT SYS LTD,        60.05,        63.45,-5.36
L,SARVESHWAR FOODS LIMITED,        25.00,        26.40,-5.3
L,IIFL WEALTH MGMT LTD,      1319.40,      1390.25,-5.1
L,SANGAM (INDIA) LTD,       128.25,       135.00,-5
L,WALPAR NUTRITIONS LIMITED,        39.90,        42.00,-5
L,SOLEX ENERGY LIMITED,        53.20,        56.00,-5
