SECURITY,NEW,PREVIOUS,NEW_STATUS
DEEP INDUSTRIES LIMITED,111.9,108.9,H
GULSHAN POLYOLS LIMITED,256.6,244.4,H
HINDCON CHEMICALS LIMITED,78.1,74.4,H
HI-TECH PIPES LIMITED,619,608.15,H
INTELLECT DESIGN ARENA,871,848.5,H
JSW ENERGY LIMITED,246.4,221.05,H
JUBILANT FOODWORKS LTD,3638.55,3513,H
SUNDARMAMC - M17RG,11.8,11.79,H
MPHASIS LIMITED,2677,2450,H
NITIN FIRE PROT IND. LTD.,2.3,2.2,H
PITTI ENGINEERING LIMITED,163.1,160.4,H
PREMIER EXPLOSIVES LTD,239.3,227.95,H
TANLA PLATFORMS LIMITED,1025.5,997.5,H
TEJAS NETWORKS LIMITED,201.1,199,H
BAJAJ FINSERV LTD.,13243.95,13110,H
FCS SOFTWARE SOLN. LTD.,2.5,2.4,H
GLAND PHARMA LIMITED,4172,4168,H
GODAWARI POW & ISP LTD,1657.7,1578.8,H
GUJARAT STATE PETRO LTD,343.75,342.1,H
LAXMI ORGANIC INDUS LTD,274.45,273.4,H
MMP INDUSTRIES LIMITED,148.05,148,H
RADICO KHAITAN LTD,874.8,855.85,H
RATTANINDIA ENT LIMITED,63.95,60.95,H
SIGMA SOLVE LIMITED,210.2,200.2,H
TIRUPATI FORGE LIMITED,57.95,55.2,H
VISAKA INDUSTRIES LIMITED,839,838.6,H
XPRO INDIA LIMITED,308.1,293.45,H
AAKASH EXPLORATION SER L,252.5,235,H
DOLAT INVESTMENTS LTD,123,116.4,H
FRANTEMAMC - FILDF2GP,1.23,1.12,H
GOODLUCK INDIA LIMITED,225.5,214.8,H
SEC RED NCD SR. IV,1500,1495,H
JINDAL STAINLESS LIMITED,158.4,146.85,H
KPIT TECHNOLOGIES LIMITED,298.45,278,H
ORIENT ELECTRIC LIMITED,357.85,354.8,H
SHYAM CENTURY FERROUS LTD,20.35,19.45,H
UTI ASSET MNGMT CO LTD,948.85,919.45,H
VIKAS LIFECARE LIMITED,4.5,4.3,H
BRIGHTCOM GROUP LIMITED,48.15,45.9,H
BOMBAY SUPER HYBRID SEEDS,338.85,322.75,H
GTN TEXTILES LIMITED,9.9,9.7,H
HISAR METAL IND. LIMITED,165,163.55,H
LAXMI COTSPIN LIMITED,28.1,25.55,H
MAX FINANCIAL SERV LTD,1120,1097.55,H
NAHAR SPINNING MILLS LTD.,341.1,337,H
SRF LTD,7969,7939.95,H
TARC LIMITED,47.1,46.3,H
TAMILNADU PETROPRODUCTS L,135,127.5,H
AARON INDUSTRIES LIMITED,119.15,118.95,H
ABM INTERNATIONAL LTD,108.75,103.6,H
AJOONI BIOTECH LIMITED,54.95,53.75,H
ARTEMIS MED SERVICE LTD,380.1,379,H
GANDHI SPL. TUBES LTD,488.8,474,H
GANGA FORGING LIMITED,109.5,108.8,H
KANORIA CHEMICALS & INDUS,176.25,174,H
PDS MULTINATIONAL FAS LTD,1260,1250,H
PROSEED INDIA LTD,10.15,9.7,H
SEC RED NCD 9.50% SR. IV,1105,1100,H
ULTRATECH CEMENT LIMITED,7638.95,7546.5,H
BIRLA CORPORATION LTD,1585,1454.55,H
COFORGE LIMITED,4767.3,4690,H
L&T TECHNOLOGY SER. LTD.,3580,3568.9,H
MARAL OVERSEAS LTD,74.95,74.05,H
PERSISTENT SYSTEMS LTD,3130,3016.1,H
SPENTEX IND. LTD,1.4,1.35,H
TATA STEEL LIMITED,1295.5,1290.9,H
IL&FS TRANS NET LTD,6.65,6.35,H
KHAITAN CHEM & FERT LTD,71.4,71,H
NAHAR INDS ENT LTD,122.6,117.9,H
PROLIFE INDUSTRIES LTD,116.6,111.05,H
RAJRATAN GLOBAL WIRE LTD,1867.25,1778.35,H
SARDA ENERGY & MIN LTD,701.15,688.9,H
SCHAEFFLER INDIA LIMITED,6887,6025,H
VLS FINANCE LTD,258,255,H
AMBUJA CEMENTS LTD,409.5,408.9,H
COSMO FILMS LTD,1198,1147,H
GRAND FOUNDRY LTD,3.6,3.5,H
LAGNAM SPINTEX LIMITED,38.9,37.05,H
LINCOLN PHARMA LTD,384,381.5,H
MUTHOOT FINANCE LIMITED,1616.05,1612,H
POWERGRID INFRA. INVITS,120.21,119.24,H
VISHNU CHEMICALS LIMITED,707.4,694.15,H
WENDT (INDIA) LIMITED,5140,4872.6,H
GATEWAY DISTRIPARKS LTD.,267,274.5,L
INSPIRISYS SOLUTIONS LTD,58.1,61.15,L
IRCON INTERNATIONAL LTD,44.5,44.55,L
KEERTI KNOW & SKILL LTD.,19.5,20,L
MADHAV COPPER LIMITED,46.4,50.7,L
JAIPRAKASH ASSOCIATES LTD,11,11.45,L
KAPSTON FACILITIES MGMT L,84.05,85,L
NEWGEN SOFTWARE TECH LTD,599.85,631.4,L
SREI INFRASTRUCTURE FINAN,11.3,11.8,L
AKG EXIM LIMITED,24.5,24.6,L
BAJAJ HINDUSTHAN SUGAR LT,17.25,18.15,L
INCREDIBLE INDUSTRIES LTD,36.05,37.2,L
KOTAK GOLD ETF,41.55,41.65,L
SHREE RENUKA SUGARS LTD,31.5,31.55,L
WALPAR NUTRITIONS LIMITED,39.9,42,L
INDUS TOWERS LIMITED,215.45,217.7,L
LAMBODHARA TEXTILES LTD.,92.55,95.5,L
MEGASOFT LIMITED -RE,3.2,3.7,L
PANACHE DIGILIFE LIMITED,69.7,73.2,L
CENTRAL DEPO SER (I) LTD,1355.35,1426.65,L
DAMODAR INDUSTRIES LTD,48.4,49,L

